97.3094799284927
3162.04159458348
65.5979556728269
24.8114152500238
11.4302163343974
1039.00992384725
11648.5550128757
1184.33396155825
1291.4063782134
738.708049372518
4752.689237425
504.057507021386
0.143729939848532
1352.79958090666
29.7434322145605
329.456802866969
67.9674479075652
7.65283668476498
35.8315773256898
170.132170647759
81.3976710897435
614.471761257111
77.9561770559669
61.0973789690754
167.427060190556
323.023621643664
4.71637865252777
210.220279155157
292.233970205475
9.21969466373155
16.7086150501279
183.854112474081
1385.57771485097
1567.57005488901
1313.72682456864
130.00119508854
369.066826587905
3936.37718404852
73.5356576115962
42.4599874122514
225.516900713607
428.929553130493
33.0142433514668
963.768050600715
2328.24871115911
1974.20245349959
0.815316433364978
63.2666820374346
120.269618242855
28.0338880557582
2.43559289783999
497.732756456523
28.8483528543666
118.196796261454
146.23892891457
9697.78623851326
4652.08326092646
0.31308769198033
0.591561658588016
299.757112496328
62.24024649581
526.752208904841
21.4481052184001
821.035495987277
5.69980970380946
4792.79301665217
2.77507289917598
2853.22049114246
7.44298707255099
2472.5998910918
195.476414675154
812.636057690467
6.98972094161698
5816.44646066819
4992.44928124848
17.7343275386016
23.7050559185743
1.26846434784305
17.3576266372486
12.4193520387732
72.0769049130224
635.817256194909
14.8891117325055
456.587205072011
457.477366876488
784.217084220067
10.7389552579194
9.79289695384983
18.0719035401162
9191.56196803884
53.2164539199071
9551.29680611013
360.067560253394
807.505054950226
1591.71045646377
105.083739296451
10.9537319611201
94.3718139689871
678.16710559405
14.6307962346477
143.45780213708
770.461243078997
701.522927261616
2743.9867698943
57.6155312521987
213.976003139077
2796.87579020984
2829.59657914443
195.516201880536
829.729889216049
33671.4151554987
3893.44999304702
1304.52090375991
483.334350182655
67.1070578688495
373.64693385969
58.4343592774567
1048.67800247406
0.0990076561922741
7653.43976312981
1044.21435933061
404.816778403469
157.486598250807
0.313645499885996
236.378089848583
78.7827924833814
435.672884682849
1.2478164860329
25.7240360741887
2024.10521071462
23943.6634407667
313.118911361768
16.5891764946568
238.719687511506
440.210901207806
1.0347976980167
6917.92915963666
2178.49512216613
43.2785853051907
1598.75231741685
11.046806416348
11.824073573322
345.552233271875
666.705308259882
28.3838291743627
355.399068744675
173.942012851575
86.2043560005592
10.4411708559965
11.6738134266215
306.251998804363
66.6453661849358
2.91652556165153
0.671830963120459
4840.27894098291
1.75751729499846
3858.18121080915
192.042991629772
217.395569528673
9410.07596107343
0.502541997212858
1902.66996811434
62.8997422152297
2.60931133575133
82.0326458536273
3194.24938825036
14.3086335569183
1605.73610205909
97.4817826368655
164.557465025634
212.885594149657
68.3231928882546
5961.58804029748
37.2630720037069
334.99444076258
289.731318975867
7.65283668476498
0.0429044439668937
378.238398726349
43.5233757002381
120.051204365365
595.914014261489
398.736283314271
0.0238102927847696
2.11891111594933
125.4523798969
1351.35451307424
3.09787693386019
25.6679776084147
4107.57058839373
67.6913895319386
324.433057046023
4702.6356099927
295.818349637294
14.2003259414377
22.0029947479677
298.094879359649
317.016753755233
92.086526038081
0.947686218771868
7.64428434517417
0.296865402599715
1.10073862286222
984.06747536613
53.635116881216
354.476633690461
5710.83991489556
3176.81061575093
43.7504965347995
5917.27021479942
7818.04158951089
1062.58723446931
4858.64715223802
474.022553867705
76.4921201774986
11.6505672632755
40.2981790585471
0.0238102927847696
358.544612608818
204.178457689843
7.02533351034798
614.692927405497
500.257299463281
375.933763082523
323.788088825858
0.059090509162341
32.1290519706592
0.0348306791632464
59.2479225905052
53.6962885720059
311.88690035793
10718.1105282117
27.688929814192
210.767626566125
1988.07415760332
1120.57438700748
201.834624930322
1597.61262269174
485.692680184261
0.772617691684299
2062.67090971297
2074.7392771964
105.594794027513
298.231828937155
1323.62777733147
166.040720889509
43.5691981289165
68.8491115488279
4740.97062160863
48.7613671367007
898.784826471349
519.690061454811
12.6195738261274
3528.22668875824
4595.08650145157
292.695689151895
347.522395785666
314.361843772541
94.1210920176384
10.6364140177442
28.1921654050537
596.667502687767
152.504252992243
115.68187002295
2546.85796355001
3205.61980480092
18058.8179289474
886.322903358255
483.89522431835
54.388968718758
110.553067910428
0.00875021641358309
567.43131805509
3885.002691532
14.5130517722807
75.990735379884
81.0055580898939
0.566332848359404
62.3820891002501
21.6931790447504
1112.42909050162
1036.7958238865
54.6538944287654
210.96347149658
15.5072332485587
5.91915848979514
68.4832852946761
454.330874574092
362.876793829795
955.569604781101
221.341947625475
2.80204353515999
40.8472709846484
147.415728586754
106.983251102666
0.154915355163418
1484.70092177939
9.27262908100675
1135.91468373299
28.0817507257152
986.060526782987
2370.99734685339
37374.477555618
0.133073952994512
0.143395645234698
527.116167585544
0.383473559145627
0.164426893019786
1616.18744284155
179.532425610141
0.0142344563584322
1346.2529919048
51.770526603195
2916.46248385775
71.1011413512761
952.281034954171
0.0444202327711094
16267.8867296513
16.2646493332295
165.617334370676
3621.73044139476
86.5832539601576
63.8023822367614
1214.82938811849
2460.72130203223
11.3802517321455
605.933700900812
4.23377972061149
672.43833637761
49.1509362548616
357.422969248888
1374.72117689975
2141.32506974627
1384.04864268555
118.039985736601
909.774155136848
14.6462814164758
3.65618718708714
213.179874017755
12.8885521097546
86.6213549180965
43.803200612274
776.272079665858
0.081834323198746
80.4712533582446
1801.52364395614
377.47427944642
406.401240051152
405.296638209681
1464.8600509268
15.0366502821653
1187.84791822484
348.755377350055
38.6015927173132
106.016671872619
1999.28962468085
12.434264077177
224.008848150816
25.9802018010288
493.239701449363
0.0132017358289853
213.33499108621
0.607414876339128
354.64883617346
914.919948262943
10.8340657782733
6353.98037194946
378.628469073426
10461.9813583658
51.3091182495959
1955.72094951623
274.814620977564
16.8728450196914
89.4751651209116
9.39533304365987
214.673091825608
95.1056395980182
768.905871226764
4.08364515189698
206.737539397764
1281.54379847512
0.377492690104387
10411.9829550894
416.291730903576
28.2103640667521
279.014210856936
5220.0171779556
1420.25862158778
245.255320037803
9.82757939502696
7.75464993274001
484.555651063501
445.504066778975
92.1753581477985
1278.22636456424
942.789272326981
873.914546117584
0.0120213977418506
1054.88354327769
4095.81800811145
37.3647924924165
9.08354366333165
1026.01714531496
14.3981862349929
8.65142858854426
7.44052941894975
948.688605297458
74.8065531146141
1601.4375614345
753.861697869345
609.159845369498
61.2142103718548
468.770648338805
17.1386368972967
2801.16582457507
8370.76339627092
207.343111371457
2.97620937904948
207.4839104905
11547.1885875099
365.890923202802
131.393267857336
18.5400470270665
1020.19171746875
143.056548372609
334.703719085652
37.8526369822601
49.5955486999003
3231.27070455871
215.534834715054
1145.45012984547
99.8113655155333
2627.41321594356
17.3411327419357
171.854307101561
1.61222916839311
533.616261667432
63.6712325149365
0.00750554725313846
12.78577908949
560.218093775078
658.971750867431
138.367219338435
758.221724666138
3.60771816990068
5.81465322899706
68.2779060659985
862.705000620394
360.889031972349
118.149456466842
86.2896927735988
45.975337384285
729.825127301839
729.286488331484
16.6842532526276
9993.10391271265
21957.6399567908
140.158671164189
1365.76476962171
5908.7043570392
7.57392991226502
30.9263707194745
1.5325889880451
145.110341829118
12.6792979326011
87.3519207642695
4342.30258824913
3549.04665627421
3483.14642994701
637.792745118565
5.21552265527305
8.12270650057833
7.2273708680997
206.063558820971
941.558262859985
1.54529677371635
732.701114617498
20.1562160657794
792.716133438921
5570.73694142118
592.959188572199
898.801594765519
2754.83402692448
274.233263020096
271.04962798948
199.048770881015
0.123245422240422
325.084410501463
170.486365522626
0.107363484619363
1404.27001295878
249.954778647396
23.9735294728947
464.933028410511
2290.05319139856
732.077093942551
174.45849683086
0.885900510790415
3.22238398743644
3.81509602008216
2777.46316338649
599.679695699443
0.0838777378007223
2038.02220587805
88.0462238523302
1389.57392510307
1139.59551002225
2046.51839027537
1087.21627703223
2343.65543932269
1.02815754110149
0.192209980413812
1231.25813110658
1568.04954660812
16.2307876825538
37.8303101476691
366.784477997487
831.198320191939
202.559545222931
10447.4755080948
425.571287626273
432.987259800953
10.747312533481
1638.32731623214
51.720530315741
145.015053808744
2.69037164321787
24129.5661003839
227.325227272476
469.285733712118
209.349121126797
1527.4488854551
108.139644428036
137.579161710479
903.11790577051
0.12098596032374
69.171734138944
1329.60223701845
10983.6966362209
0.0142344563584322
843.677155939852
148.12144804719
5.3162921340672
164.774758246373
600.69254584858
56.5976913335092
4297.05412977785
980.316241986704
39.1684618286145
1817.28414129444
116.980388080141
1176.63141459771
1.16328074914525
3.29672612916042
0.24996014386869
0.138779581100171
12.2280170112373
11.6981517775896
350.205154655938
1359.89143979479
1241.32027370011
1241.32027370011
1218.41703546785
21.107705212595
6.20988421218817
3.10278460053466
611.261096945698
346.956105989738
122.789062885393
16.7656498072996
5714.58559460895
5.67315547650696
8.10721249982414
3309.45505274109
81.581948864231
1613.15431886977
139.497470617872
1712.72130691645
1723.44791703451
4792.48313890409
316.283742469028
358.153094703611
690.477572915315
268.72826038505
3.7612134156446
157.940281709124
4584.09120871251
376.89123740225
4.36339486419872
1.2485359645536
356.841586766271
66.6600183370918
349.189674866127
711.274475337938
14.1106866481849
38.3998602343256
1411.36827155503
297.228608911417
0
2114.8151449858
83.6624736153088
18133.8699211011
10.7381635044625
6391.90924641805
431.025631213974
2.21823475985109
2193.2029999408
35.903710310221
637.675023511564
0.44208919975727
2626.19464105415
8.46066685645927
4.10172107941361
1526.0739076606
57.5027111171505
125.641973229737
1529.44580492801
5336.01909412094
166.710895551732
20.7805300016265
157.031693657216
0.392567476301734
0.76334234777267
1.50529723348297
208.666894448949
124.027394172506
14.8834843029041
1253.47644215614
206.568083382698
1104.25425804189
12.5740022488587
835.711976405699
1.77821442695675
4824.18001243705
6.09702547820589
983.815393830917
3.30098195367017
289.987580265713
11.0192034085472
33.2937254829169
1279.76885312312
406.659166772976
6.29500323309369
1203.77263110673
1455.43488670481
4085.13754674123
174.296098187206
3.40978219222522
2646.1858608191
68.1742345540014
0.206099226469694
0.343926542339807
2109.58370136161
420.816340391943
4.4423676016742
49.3018211648068
11.4089014115296
0.220230781986146
10117.5266636515
388.787559295959
410.510687232455
0.0462364488256004
39.7378652666875
0.326954505141801
574.196025670371
171.080281800283
181.318423557923
3.93739090837033
4.98304593532993
30.7838274278375
4.17074520329816
1500.66047274241
29.81121639727
521.268909182243
57.6620967179018
13.1612190723624
11733.35875816
852.018618966281
1184.84211889641
44.6886890936477
67.9381503795663
1461.17493477975
925.717752962684
29.5913766855469
9162.28735511203
8.02209662160912
178.862091737999
470.678593455809
0.00695732118949377
1014.74396755225
1559.427370391
1263.53499217757
229.900691402671
667.594922532233
4015.89007338928
4292.80109647395
180.564541855923
8.73598386458902
222.447610825434
105.291352106986
40.6684880940274
1239.78735145706
5.94328449338162
655.800180397041
1017.8183793834
27.9408685050857
2.04519567951907
138.56294773968
0.113984884445271
5394.78002109389
1031.74486838812
1104.46239285242
1108.03816894558
263.167205251569
0.486469543267532
739.342392717896
200.977632844369
159.3369606802
43184.3797470906
49.4460891007024
90.8689972164511
158.273412412707
0.543583004880368
14817.7263575882
1505.74215892281
78.0044115502423
39.059860760815
24.8500122561791
150.482631114918
853.880839288563
917.598142612395
221.199810458648
23.3445282823701
16.9545531445068
439.059503825391
264.069529059337
266.610221925195
483.140205172455
171.574731172344
52.0166974911587
219.636435289097
851.627006903718
880.966750871863
55.0000986216367
8.2602377953433
48106.3105028385
611.389656733176
15.1873498683937
0.563597823957896
314.263845144432
1019.25779574615
254.397475807093
528.474263762488
19.518767035877
158.554699866348
31.6692939007464
408.021738595329
4.52098403990848
1738.77976501838
264.532338945462
141.842793272122
9844.71478280511
1322.77098274715
32.4105898304419
191.65499181281
6534.11970676093
0.555141585504056
11891.0070938921
53.8865490294089
4892.72266459303
2786.01976086857
384.974152807974
6638.48979571928
153.812544712711
24.9214819330007
5.13201420198943
168.65131645325
0.0827608063469576
551.519693615854
49.3126507695556
2207.08538220196
7831.3415522464
281.826190727064
268.468196252505
584.767820904375
788.005249775962
161.691078447498
21.8141613072873
255.647162373272
183.532488976216
54662.614368003
144.62548655421
0.0568713106881655
434.049347784124
191.029664869729
155.007476166102
2180.27588232954
76.9605619694334
3905.6627152189
494.883521979724
330.299413060789
6932.23267823118
251.103900640946
68.7794212142118
1059.61964447966
22.7796575633324
1781.93180842777
20.1828052913999
1589.70465758404
136.908834004099
302.3462643279
126.598536737443
1.92304282145806
563.554757161259
46.4780806297807
70.1090994675664
18.7718154592747
622.670772039844
654.352489530765
61.9146795456125
6.23384580160905
125.298327721803
31.1528156983963
0.287434006354709
202.775833633803
149.472054474046
21088.854901275
4513.23807423109
7.09074385529763
173.156165033233
1304.81827495861
1325.95826800651
49.2008277746133
445.573395917312
324.361881647382
601.27133499613
1700.81305640891
147.726984533331
576.035071071275
14663.7076937771
188.902042386768
532.826822120355
2671.6618389313
49.2291320969097
0.421939366753754
0.105574694196686
3.80701771355833
384.588035900235
8461.36677644766
9786.87946037119
1.46849877090306
172.669607192395
2484.9463958377
44.109675117108
0.155484664513144
6.09645957059599
867.293136427845
2.05704280085332
5.23461181978403
2424.27240417126
197.675305804934
8396.68337173618
56.5706167508877
279.464310356985
14.8368184625662
0.0159305341043916
3053.15257300712
335.505001424591
877.045798461442
102.388645837156
6948.4628703321
3.41528368601266
8286.99843885423
182.956807793888
0.990313792892433
316.576505560372
1293.40725799877
12.3894787184095
396.230762500942
374.820159324423
2377.24671538016
4515.33640491362
962.724964261451
596.064901524241
30.9186953108634
0.0379596428721591
122.327319083666
2073.05774573439
2091.54161863693
1.17671049801557
2336.92562737641
46.2779989165166
124.658951681635
862.640619772081
0.0128361602024574
148.033139511493
7.95413187978763
34.5620168925347
203.296218192804
31.9458317181001
11011.4071796886
1963.53012307179
1024.32948106973
58.3622607714669
3694.13146656157
359.307278171714
294.976702036681
0.0184127125754232
1714.69323466955
348.690865128317
919.031710913513
6917.20871825585
53.1751185100733
162.785078703912
156.900725519034
21.0858363134513
7.93393942808362
159.556343508076
162.583644814072
6324.39256821618
11.5504735625193
156.488305635776
149.739810721249
1326.62290328759
22.5371998818708
75.3338951909378
1229.59641631714
163.555741261006
2759.32046635026
7.12479669097287
5468.5693867093
317.66536535808
114.326347160668
2499.26901924718
10010.5014803276
296.749673747754
3.15187692121759
36.7441083741503
13.2228313874424
431.490273824624
1960.51758707499
1.86295275874448
432.710299752311
44.4663313296848
95.8448653576802
97.1763797070943
0.0685277554548713
405.780699973214
114.039497821452
943.132138029929
323.323134526057
525.969909571991
137.550136904654
942.182798697851
234.56105053085
235.407866140576
197.888720425921
889.182899899431
1.4319155554239
800.71567960594
118.408681505004
160.113048726691
343.018382858199
4132.21852045827
303.708567771948
7.75450413796915
22.9195601545916
299.821888210968
13.6862231685192
2615.59631898879
67.4525528619399
0.529136654411905
187.04573399378
168.279952984194
4.50722467905027
6.52415911944237
68.6087062081591
39.9565006454882
0.255084530967024
1618.86679979539
992.112323844586
44.5125102438413
0.694115702004885
94.2636360376535
5326.78298158258
160.138556439382
147.20690908584
15.1830474478422
161.661763952924
3.24712351426183
209.934077455539
16.0622572535353
9685.060223154
14.3166408933781
36.1420818205372
877.618710632597
38.5440412770533
8.28232572215541
553.473212418703
16.9812799930051
128.634659360421
1.78187506879514
3444.04301764352
381.100193846956
87.4610422061211
41265.8408923468
197.813976317839
31.3488842780911
117.763917866476
1686.38620452847
2.89656907808664
39.2003382864417
510.47094039592
41.7285755093607
251.685644535593
63.9513420107931
34981.9522061751
209.109783407702
118.784296722417
1263.6618584825
273.352004203923
223.941614633031
21919.7831090587
5.39328983240636
0.0771654881308359
473.201134317093
4571.09596465483
187.541460600564
3446.71673866523
1.49204585017553
32.609751875521
583.25297473046
789.841308657886
49.6521304616742
74.7616633400299
47.2565197073907
361.3846007595
968.549860160507
64.5197660810997
366.49967051357
783.09772506426
509.735358710693
287.244406783807
100.021148460359
0.343236423237725
925.373706174062
277.613527464035
3788.75634718187
1.758755152503
660.877984338651
53.2363758803085
4.5621596142026
8.58703797874769
15173.1455649681
393.498198793043
7.50817347498755
24.7214827237728
4237.72781542287
5654.19190177902
291.02172811873
44.4951491820607
528.330875959104
988.006407437894
3.91599570548635
13.3740737580451
1.89336423056
545.494003359679
70.0923868044984
11731.1958787522
1221.33639792192
614.587047431657
612.137116527397
119.924517128623
2601.10937790072
0.536273780768114
1485.45037066375
125.757094480981
875.039204737912
670.566357571474
246.459175967864
6481.1702453502
221.34850549018
4.80528997165757
35.5219337408052
174.54570668846
699.963126677299
0.917128660094504
12981.7757843736
2556.2061725427
527.287821416378
0.109406363091409
0.307903148105323
1.03213915249604
0.206474163612582
4.12275279298725
750.592962031444
37.6401900068434
1.03234982722237
3000.83508725024
2632.57038412864
9191.00778545033
3224.73457466887
22.8576821374463
96.7323230784837
96.5899967738869
56.7449830481988
9.84150741597792
46.7926115562953
266.427196512746
1699.65375932008
1000.19068548917
0.0268080341738623
268.344547773193
12.758400687397
580.173180520809
23.6515927892069
142.437832437597
535.881687390752
104.459693533748
2585.5078708253
23394.5476611416
23441.7388127633
592.415436691685
167.913209869488
1313.05724914792
1183.68426453266
9.57399910747134
4822.64054187951
136.468697983091
2193.89182174909
236.250987148387
1568.19866766405
6563.00604798561
43.8796508581686
589.479356686396
181.42510513657
341.642764199477
220.959501134938
118.036368578927
635.581854453969
96.0785038244486
11942.1427741867
4.05186313086695
1027.82568975251
511.444096489764
135.450002769368
14.1369745559236
437.296570107214
82.0148158170194
201.360686753236
315.37127755172
20486.017227138
3431.59391381128
3453.16184478832
15.2998755546749
2176.99457702629
8.38311489784827
15427.0439420085
4140.56673169161
106.531257300707
0.433897180279455
295.579673616317
8017.86097790595
21.5920640676492
175.4716105273
70.5597545063215
157.147462457497
195.371743183283
158.101806270836
311.700891855416
6007.02145344987
23.2128340785973
14.2937127636822
23.4160786557626
24.1506618705634
206.072422267183
39.3987191412605
72.8963795970275
685.506165173824
571.915214954762
11434.2013260749
129.253754346902
112.057316921238
12.33960484814
13828.4153863341
276.689776714239
147.720442427336
1505.07193772981
1521.08894314744
346.482883380388
222.568949496428
203.364865274267
5.48296810369608
62.9263753908608
17.7221237615292
851.963528373382
446.339341245256
38.3575418663603
9.67959717643129
10.1791913750185
7.79589698241818
509.032702963949
394.451730649758
104.051803834826
158.697517226991
174.36254925859
764.071193807876
2106.13253359871
333.163280694016
7.2485543616267
183.860642694533
14579.0027261593
64.1662440529585
2866.96349931374
618.498236093899
125.561381203414
750.215745076666
1533.01872344019
2211.84700927828
17.3267307570056
94.1923419275415
42.8050702855923
8.5439687719743
21.790390844382
138.42785503322
2718.68621969176
10.6128432368781
2.6016982023937
5.44696982963709
142.683099223735
629.45646096151
3865.723271935
131.923496716651
12.4681333610441
2607.11572638213
2618.37685645846
378.285672700428
385.522881434438
1363.51419987935
20.0941947226106
110.138987098447
93.1969334441118
0.366212224634552
740.587339351458
0.0050754316202668
2.65321867997932
5.20876990265075
2.06456182522824
58.7234966771546
693.723552018395
14.7228560063249
968.294754806889
20.4804795308036
171.250686639179
1285.77970740935
313.008309704854
2920.44451675894
532.404921577428
1544.50357697132
0.259968326136282
16.391856528713
1243.18235275389
188.808135732859
2004.39137545865
562.41666886138
773.173348033275
81.648917657802
1300.42677153739
143.622530403754
11.7583270281838
31.7303331609047
31.3421955225917
7.32723209417016
240.850830758401
44.017089043608
54.0072004288972
1.24389968475155
5.89601309258022
209.886185245227
0.253935228539765
23.9283345276143
275.881834577052
32.8457466013382
1033.40104822739
0.635008750963242
403.863448852435
8.84879515703884
8.71080590182884
1309.22475679969
93.6262939486302
0.146097680687804
253.961646547243
2006.36062140183
26.5550616751127
202.274846048911
11.8055065643178
29.892380392509
372.049489606314
53.3178704838729
41.327339949914
0.608430636702284
46.9763322365609
26.4082242048331
134.847749211728
325.837348974712
22.9213569899313
442.961264201164
182.808913527692
984.358996363634
0.215253566525081
874.974656011835
236.223689807203
817.577053752218
2.77482642610506
0.0225213895865615
651.450546426424
33.8375763363653
480.412530066622
215.253426579312
465.962615356747
4.09238989665768
41.1240154642264
287.245442200873
759.85880535738
647.78623436584
2549.69872620072
9442.76909640504
1469.58114232439
165.527163525492
796.205465583502
832.583890567093
237.015129529246
12787.0227900256
1495.15452405521
1209.6309635409
436.362109943852
703.192737177726
373.704899855098
368.534927567963
0.149469649418116
315.098348780895
118.55712675204
328.621796636973
227.776489674799
802.50075781137
3.76563535742118
12.0531912618251
0.300782653533928
268.592982342478
2917.09784705256
18.1947462810179
17.7223347845549
1125.76820617344
29.0370863432508
42216.1033108018
616.868829060798
198.224483100588
61.5197929013951
1429.85180906895
0.115662081281076
228.888027128018
102.233274753874
971.309988724909
109.369514245011
0.18031510022629
2.80204353515999
1611.24167538089
63.6277174632017
174.181779091228
888.768140396642
2112.52139842853
370.145267289894
328.243866620472
6094.54762536322
1305.91345302472
0.00552920731910445
109.47461267255
84.4549528182641
1565.42495555942
623.645227332799
203.121443499783
94.3512476240729
23.7986599944108
1560.81293729178
484.144428805316
9.56243693690889
0.440812028625335
1025.8487419014
7.45692245245078
80.5305107792579
199.858791125531
595.43490625391
82.8667759611325
341.376071201055
124.961808588082
1184.59800355757
519.645570588029
286.53469607788
1483.52839272251
2444.57739311895
31.3314444819183
1087.22509927311
35.4706295459583
1.20918569983816
225.221450569996
66.3112540636802
75.0031527382995
447.770827440946
1.78342320937836
1319.90388468929
1800.48173611624
552.706312710835
813.870264155334
15531.34889512
0.34045281348426
1683.40139768947
0.0784793040258052
48.4685688292535
6.54231067539247
5.66916747457763
1592.7295296855
30.9445675630932
70.063012555555
21.4572132048891
0.517404930734096
608.501292749532
28.5599334519001
91.1435273894231
106.239199818138
6333.43961400743
352.854515596928
348.693848498197
5008.40222088517
1.41794955092422
58.3713036935162
846.166841686872
129.449252751
157.668773793072
3.17878095420074
0.0720961397390072
948.523437730634
939.838628381821
1663.24672811338
4.88778294410523
27.9262509369355
73.143887381401
140.216150010521
107.259565169492
28.1666149543412
44.5059272976501
105.205505112415
483.987582880188
110.040465376206
960.695721509508
17.5031380764154
542.196780691089
0.27568517495363
1.61299337667971
380.487134766295
1362.2240438532
180.075113600038
86.4287649715678
327.165535500421
138.761073784234
1099.54197640401
409.223752369925
43441.2921885351
268.050378570058
177.414562051165
0.0238102927847696
0.472473874451302
905.062903987338
67.0953430226434
925.230244901691
263.759779289641
0.0020815622615149
2913.15341459819
66.5017846604476
147.917009800103
512.360571781363
289.727553627926
273.591275302363
865.70972967965
865.70972967965
3860.7539141288
188.983055544464
107.320036109538
273.190339129319
509.912951023116
10.4922732188964
832.595942898616
1.86484311627871
290.792933547457
7157.30715033977
1249.01336726145
0.205335067499673
1861.38252334234
2.11057745456808
153.515257361118
58.1244246159143
364.537914855956
150.071078547222
183.882613559983
1493.59947370389
21.6330970688528
52.0080544092062
0.529051776726557
322.261064205692
538.703913674704
367.275628731998
0.160863151216772
43.8803622141538
1123.80943330245
1123.80943330245
638.784395649995
1.31880594923365
907.780036728587
27.0230935007224
130.908065522535
0.590855965648591
753.225107849776
734.373501482452
0.134438334522605
857.022692772424
177.748476921077
164.096566708194
203.01978208355
301.452216697016
455.644209844953
0.0238102927847696
884.849857297645
75.863676856161
43.2710589458375
9283.62623080952
46.0997009660684
113.09089442924
1040.45098005677
252.10236112078
1616.0027010651
11992.696676835
29.5632731980151
12.0827569992157
551.491543747747
0.261962258800965
0.0891264406030856
2091.1755729567
1102.97637666186
4.02532470689513
0.725226598635017
194.655328396799
1294.9920578779
2304.41034367409
0.24816571008523
128.104310466551
723.076358797609
34.4777160368184
32.7097885960495
15.1652181911446
2152.95627706588
47.4895578528583
1649.95491738095
1666.08495448555
148.492947753913
222.398657400084
1688.24935748414
6.41334740132842
9.82549651937684
495.835772042876
14.4531043650185
649.388002929636
73.1011841703925
228.200761752651
4378.52284741573
38.149480625351
2598.41325553857
705.438159658463
321.088848998197
39.0049226749215
2020.42153262611
2.78928543630566
75.8606122634122
238.601599568663
1206.28954976011
115.776807231284
0.0791230041129203
17863.814313688
0.700869306243797
18.5743288489931
4.48000837878903
68.3409379739444
782.030184838335
29.9829558594742
18.7470280881764
96.1302011934921
1934.83130117018
51.3017872226163
133.54839616394
253.832799647895
21.1223184091252
77.5288606250627
205.018298300761
533.8902581507
2129.28832799638
977.526175397841
764.169687189403
16150.6677676104
4729.19126060766
6.35802592527476
408.356276681531
7.63997250633048
6197.52979316826
3675.9387804588
500.470809272064
610.779488492096
499.057284766308
859.332187704447
39874.307626239
0.621435346175066
110.481488146244
17.8616400525545
24.5552724981247
41.4813446030294
1.72628577869303
276.562185662354
0.919943252693017
490.094153193307
400.834926819079
18.7832681393896
1.6406444568971
109.953223017781
1575.63413394926
121.721903113724
138.621022020899
386.651199096098
89.8360801111301
11.6701755665667
202.203852820846
3371.72195063422
1572.52859935476
26.1139156239173
217.812285168517
2.70831810180825
430.850742874549
16.714380685073
160.538561139272
157.416700308674
6.41124466899161
68.9621163407485
1285.19280260712
1736.70161827123
0.693882175114069
2.39545895717644
792.041080724352
30.0661332918431
21.3853830843948
6.96129975355788
438.36430855909
17.4707891927541
110.724465009945
269.290095820685
283.499535761448
179.882834543827
541.732517373634
3.24133138772984
0.237949668040372
28.8176444100079
3.28194161748506
193.102648586445
746.018156070399
114.552220934591
22.1479897122106
1.32063726767013
107.400994772694
5789.24257639982
154.590795285445
371.478193779009
2.09769568318518
99.7791063124653
132.46438022572
773.379929104738
221.924660785892
70.7750106991425
0.725889066439775
759.181207942325
759.181207942325
765.290944801721
427.632213740543
6.7998009848291
456.234325189004
2.41360162292021
37.0514907909247
127.859328711374
26.9498140285684
78.0931172241235
8.36294862554745
239.846820287519
71.4014750879065
7879.44866337597
308.851855680674
2205.11557119426
351.161634896107
1874.49630934011
48.0629813877146
450.057779155622
3679.84866583894
663.018335866733
693.764947858654
482.51358143186
61.1633995976352
2536.06409417803
109.820112347305
971.360462630505
992.913558709552
215.103067976683
366.862256352982
5.10716682664134
777.958392370055
3.97072699273307
743.049021114707
1592.96942036351
1342.2856514088
17.0923805929619
44.293115947424
5189.01616552185
18.4341482750456
8.83479363558028
532.135945100412
1.73149734615025
28.6777890510637
173.271906753947
3967.63325401794
855.262302513862
718.174194954741
3.48775816040966
119.126428962412
1216.4920084505
764.103617737307
753.931822143979
249.344687271457
236.495401485852
693.9579166648
238.541361532323
21.0021261043276
10954.4363308663
249.774274584381
11.6962446369428
4440.20259727888
258.997070230322
0.210982171643592
432.548925331214
22.6925334149035
166.015958652227
15.0925053188056
462.789438350595
4878.23880815079
38.4844721859258
4.28380578581656
364.784005757644
6.08541860633673
6.33895557784665
93.937910294997
1798.06470843566
56.2063083671928
356.872036029547
362.504093075292
133.473476610424
252.832711427176
127.130883270007
68.1828040450576
6.67114127896035
84.3625848279906
201.405928045455
47.9978959735915
9700.93626440206
0.0298078708623832
190.190310710354
12755.4542370044
528.489165507009
597.147065973114
49044.0002596087
12.398215399599
260.320487892611
214.422168136383
3.77648247075655
0.00897182393304186
235.915074196076
295.421337157452
3.77648247075655
143.107730568876
1238.8618210967
4294.51563839908
0.0294471161636318
352.466610156045
14.4374910807186
0.934071629840832
26.6363349374323
256.485114321254
322.786460377488
690.007957364962
3319.04689384658
400.091099049168
52.3819165382835
1052.81546010342
549.984338015287
151.435632521025
0.655243475464764
11.6147715260918
406.304036660483
10.3117008576502
1246.87385545149
513.234347965455
3938.94219637609
694.166201731465
1545.44890934364
315.046765948931
4.18618400433949
28.9012585422141
2.10970599228567
1287.2526116996
667.842708031477
126.346238708771
170.726409479905
203.852179958533
2.18799094245657
30.6617139130215
796.476411200452
4494.81165955074
76.6919938586657
104.141280937886
933.885614165186
78.8545057619405
1.6195526489347
2254.84528402141
418.712639420861
23.8806711288692
1142.70658252729
134.31793550483
0.327978970221312
620.217155035086
2.89251742293183
102.976231979872
140.132008707737
434.027084656337
15.7088245901498
111.385615983574
224.569431898324
1178.4092645532
51.474900914513
310.855465981688
5.59245043775607
2645.20775314994
2.09957248068865
37.5049056299716
0.491103245769333
411.199685243281
1687.90899336671
32.8609526408992
298.733796750689
0.141789396122663
341.968795751981
1666.6880112219
34.0336686819934
231.868133355729
8.92920964995401
151.445425579078
65.6364168615825
9.55041680926325
30.963323477052
5.38957897205065
1344.95575833787
46.1246088404315
746.13478022939
114.121568927956
60.0771382104087
391.587591175628
35.002863182568
178.795155150761
24213.5949409665
1872.67611612077
2716.56852149408
158.672510998856
1088.28983113508
21.0093760782078
3.89001353914901
751.090059653831
0.13794502344748
222.766569428466
117.211910835588
216.842410594225
15.7115563415774
324.663299708659
180.941073617786
17.1576116201231
10.7624200576735
0.810128603360815
13.0602552204373
5.05574546124324
7.99653555293117
9.19472275265861
20.9463142047278
421.678154895892
10.2826742987317
392.945204318041
115.084929449465
3.53492313991502
115.990752180046
731.916097281493
7.54039320601957
1498.75003702002
804.003542812079
539.080330996167
191.211439124298
103.403433102178
376.626145753512
26.2802313223204
635.265026591086
679.110041250956
56279.7266930685
102.905232783913
72.0904714038934
183.806239419896
1282.91831362944
714.608681211307
48.116053722126
161.338596860557
5409.50267781736
1207.70386297158
7.54017399527608
48.6681806775097
58.7207605919621
40.4420614507532
119.853741084313
3491.58228373216
2141.1455015972
2787.71626416475
1112.53566070779
180.420376078665
67.2294956148428
1465.04452361034
1465.04452361034
1441.93653939967
4183.90550534976
264.890761166767
71.3820890118899
3292.80079353207
1375.90346197091
279.296280180701
19778.1818090089
468.036230085548
1079.73407509707
60.2882092335581
11997.5599991279
949.973157735506
130.040930772768
541.554719457921
1012.46142464186
66.8579998398865
21.7085454265466
562.950692673034
1385.60815952811
17.0588686975845
2852.9738208254
2395.68607832109
189.448798382743
120.448806475624
309.508404022077
1.00810178347722
48.8923350840753
648.080979813651
40.7178851210392
284.268382716759
58.1268581850492
441.512802844233
3.22294087845844
448.632254068386
2769.63340750292
14.946638967672
30.9859858998206
35.5942163092861
151.489129490751
9.79331470190275
805.25027543142
370.075954370362
0.0168487732351712
12971.5631740348
233.62889227422
363.251189770129
414.721082094385
1702.09613169462
936.953993028369
183.26155396542
174.225801499187
3.58818958673746
127.011203828496
4883.6017166204
497.123843751141
14.6166529468218
359.943814905387
268.949558576911
674.363596299927
155.576123638941
338.889980988856
896.560353011612
45.9318421586755
500.361811791496
280.331688788036
2922.85614667723
1881.5929530747
423.797800802891
170.097037343317
168.92086472787
22.9467445940569
18553.4419874514
1328.7840973004
195.778588480504
15075.1550878262
0.638765990453765
7.49607854027197
5389.98661662329
1102.40450245366
6.97827875814484
565.832681569601
299.778602352026
383.362774189875
538.078323337749
1402.67972112905
0.531001595678286
6.58604823632754
276.382019317527
95.854647721472
3.18124678030396
2337.66213606821
198.561003121902
60.647324641281
678.539434743868
53.5747776918677
0.116908893275802
5828.76184663443
12.3404911101164
278.695218600037
24.7157856434119
13.2328664468447
18.0640479338218
74.800501952805
69.8321303739243
156.309608797896
7404.58299207096
1372.38200910271
53.559780533564
3795.2389256857
133.51097077442
8908.51617901697
685.551120505784
13.0898300266748
7509.80543025106
8210.73697287702
3267.31423215945
4710.75189063375
885.079955248239
4731.53076080757
11.1275367606416
4170.29950769265
71.9580484436912
14.1966796634971
246.171307402986
2969.06272770858
132.980468920389
443.299085429474
443.486579222018
365.927141445799
99.4068832986423
115.622972950434
75.9284857985324
91.0993512440899
910.119571332977
684.59469060382
9118.86557506945
8653.52094942273
205.732723134935
2.01808414950489
53.0925149108296
5690.28033080708
46.789541964354
43.4628514307342
274.459895069051
95.6184937963454
1091.47945299362
155.690819621453
3.52024404559414
221.364275938907
107.257233037575
2769.44046705981
178.829448730564
426.212853292816
496.928683161886
13.9731033148077
13.1886997789001
1495.48031515814
376.69296009897
1404.56465501189
5.39974370987233
195.555226426952
27.3084499719508
6354.89192212031
895.888071756162
18.403626896107
122.916640277869
409.894497355966
18.1321358318188
46.25392032075
53.3385493694315
17.700349616283
14836.6042520272
230.277323553337
831.811695070123
9.50401360339228
134.830756552971
114.857950544468
266.182320757183
0.218407326356056
5.03632014397655
1957.4052345502
22.5467559677618
2583.56488285334
724.05376708954
20.2901316361404
110.587644017877
4570.14276775218
0.0265203617203975
374.665753649533
105.899725212562
289.111523259518
888.835896498517
709.949885753185
2135.03142218343
2771.77908823255
400.282008749278
102.170666598674
0.426298967955513
1128.6381323237
83.88367722838
684.039121251564
49.1419955278577
80.2258390680514
46.0343835361827
1019.27709323426
119.66448233849
203.795693753915
27.0968722618244
823.091876035405
221.216770817945
368.313761604223
392.842671392385
98.2840242901663
89.5637851212506
176.516957827834
217.521295348716
202.67005455259
20.108729246579
23.8652553341745
84.2670668972479
110.107521732226
205.616375758502
42630.610958709
44.725123922164
574.628705592565
0.129486640347499
18.188052833239
2.27135341501259
65.9171181438604
5.5712108710794
234.585040878609
767.130508523951
1485.10224887702
731.312842010463
751.66792129158
676.069155156522
45.7814296661288
26.8966527823225
12.8465687101748
8.3238842093126
122.535769493619
781.340815158653
4579.80622664887
4671.90811027791
68.9185654436811
5008.78517784341
226.483492457336
14.0989947983109
14584.0180232723
0.0883471569045193
730.140274840392
935.84130717601
87.3013106432249
538.084514962505
729.436662946615
48.8815122539689
3.37858567953191
317.262121439686
1748.96972424927
42.756158146172
10502.015857352
571.935664405736
0.0519643907937311
310.141803702291
1336.72442604695
1374.86135574839
1383.47448204844
284.05133669309
102.349567574771
44.3602525286959
1203.56313846567
982.809511301763
811.089691026826
0.40636417075383
172.585293046302
1131.03787427564
349.571001598039
104.551581401969
74.6801513247638
286.909068127012
1063.89128794081
431.084452180353
3090.3302063532
8.92658187943479
498.26555001971
635.825647571372
281.677697193469
1035.50029501219
11.860344579852
1522.96782577651
59.8315319707993
272.112136211723
389.528189683493
922.497713076794
17024.4610507864
94.1738189817895
24.0223111030341
29.0191068990535
213.128640224334
2929.33082934881
2686.01246368841
203.101763425011
1826.91952613005
603.205081808256
946.982193716509
963.020366706739
8459.22593842643
383.713837462607
47.3470590461694
894.894947750744
5.6186674984671
3165.55842880009
1756.33020584976
0.524329498947308
328.693808339455
310.959473116411
71.8320643589442
1230.27750369009
139.77487363399
354.874032258465
318.73145680587
2249.16333353544
452.791683839008
14.1293998387086
314.707512355622
25.8446881671735
1155.04735294904
1209.87306677873
43.9802697752738
308.732780622266
118.140796726269
68.5383728081943
896.390792367229
5743.74110714386
4.72625859501129
3.31654676414291
767.063989659115
9409.52443444248
25.7816674985666
1214.82425671789
269.685936644697
606.231317920179
93.121616313311
113.237070052276
1289.50457136466
3.45294872113838
80.9193526674554
421.903653002458
2.80663834746293
422.123067413394
278.345943794143
166.49324095567
137.115357231588
404.434883639391
1056.36438308812
125.174928119163
83.9541493552998
551.676601236357
1289.91049205058
1451.1162000515
361.678852053477
30092.9049893682
99.8979269837365
1856.57321021265
2.83369279651539
107.839239315634
0.321321419116078
1322.18077933148
337.524435806653
237.115773089529
1180.10813750825
285.611239965506
5332.56198973115
45.3764654502435
10196.1876626579
603.344442537216
198.570870996376
861.202632919985
43.3911606212155
7224.04107666362
3226.0029169249
9029.35281251033
2114.41155101247
35.571573657744
629.158889628017
1420.92283328324
260.63920247133
2001.46266714032
165.105846271874
282.075454854356
191.49670680899
1881.08958619035
6.96722334176488
2886.21834648719
2938.07618659939
801.283886122879
448.907913946009
1262.92244295627
1299.51288795423
31.1310180651931
162.77927829337
579.904874440195
685.93377983043
13.61422579956
377.956198858811
156.467271947468
74.1930465002459
156.224968473467
392.2838222315
8.38609644304379
683.965183061851
211.68142972977
187.566679887561
139.679111948874
147.015876476658
1.89213793722995
218.624324015564
15.7855262956985
5369.26192858863
969.081739317081
618.011546359117
516.911385228007
11420.7484102331
30.2657569574344
190.037596410147
487.931886431832
259.077143018028
116.35609275641
1186.53681624208
1162.62381121685
539.00888348162
52.4375762883909
159.647995308284
0.189473367786163
362.599789533674
69.6185782276733
828.852366496088
500.956914601773
0.58069367918544
22.638981445093
1621.72240892562
373.875438272997
252.625180421152
198.615574196997
1405.14384068954
2.47077840253651
76.1699888831432
1073.96934065558
322.659800781047
9.118589246458
0.355018692320638
135.905180766208
1874.24829052452
33.4502960492416
3.64143403768587
65.6019466587771
56.5919910125845
19.8541825238867
19.1074986474627
5717.89389361613
8.43741359123164
38.1498546436501
17.7375323869104
17.7375323869104
16.6968265880527
26.1683258704871
239.548639012184
130.23341418252
460.202118156565
289.71164545725
458.412952694194
77.795558028442
0.107519716308038
2019.51736449631
11938.3327006205
4300.45459075741
27.7247935794912
1271.1065802576
1213.30259934957
619.634531163692
1504.7781432394
1731.15980211663
25.9532019125588
0.376792941065358
100.948759846817
430.486605381006
75.5178954701515
215.5258864529
2334.47332354854
3.84574783651709
1042.43330186097
2262.6028492088
6.86958805419528
182.51127840083
2399.49312845133
14.5080060252425
56.2429845007108
933.545828755902
503.996540474317
52.9701055080875
227.402473462768
0.0346456855889783
5767.23267704856
7.78873802657671
130.73319612232
51.2195579782977
654.454733759858
50.7852208681385
43.3918254583197
535.662866507165
33.5195659782115
12.2249948051155
2156.18479081028
3867.59883400103
5.33142714293483
0.0942868807903101
231.134374638206
36.2134304761336
6.26655189463343
13.7924817761987
182.552720272924
3207.93627297682
180.350498418262
128.187471953035
518.841275424895
58977.0747299663
6919.50604440098
1.92418561526753
26.0339332773161
2.87417177270659
403.415431213486
25.2643956107358
48.7413120098574
2.04469850618262
1474.97626614494
409.939539477939
10691.6134074419
156.77253789921
1144.15672205345
116.260264856227
109.67694213403
11102.7282304192
807.373009059205
122.780717744131
5177.68447370763
929.930579002397
65.0173977312407
16.9895365298338
1.35325235155359
40.8706762382724
630.325629249051
1318.34837361308
2879.50045356734
0.395507336707355
2.40979182703044
535.422591032364
1442.12116546224
310.152742960991
804.785171541699
551.381221888467
11.3108879479219
3.27925043854655
4.16549083673179
1133.21847049984
322.195703387825
105.87639553554
124.020780905104
107.666395922453
429.306039150579
486.531688857479
4136.25093196444
2973.57969983543
2415.06104622785
368.564474692984
303.042273797426
79.4379915019172
255.493714951901
72.7279162412295
2024.44752128472
492.073454003404
287.253818393375
292.745815319456
1414.60884089303
351.656896059876
211.237454642664
0.102018121253432
4.00702598120378
9.09254673771772
54.0606171800078
920.332953056937
508.339277280598
789.558652613068
3.83533636707307
158.696494693447
37.6408782029499
562.665836694064
15.807600725516
193.05880606086
11037.622040512
1.08592845469924
144.565990959264
3.09036111722772
27.2614326612889
23.0424370412736
396.287809072723
3254.51717998583
3.31450310924207
705.787931315833
11.5615343228051
35.2877678692541
25.4124404843181
0.0454731475519035
8.54116930559264
3349.09118518532
1.73715335717023
3.99109533528233
16.6253948817677
402.219180796572
537.847877370884
19.8064768946033
2282.40003899924
262.948826875739
620.860160074962
33.7043389836541
237.538063042341
34.6509721182919
503.685613782202
2185.07162937171
4099.46181207456
2.76371951491938
487.581034341412
89.487346282648
288.285192953952
231.316791830198
97.7731791393279
199.341385349516
574.664266776008
44.0967823616836
256.617497401414
462.541706141688
35361.9606608201
0.389578849882932
166.161576299139
202.712448418102
115.129017249619
18.167682498248
132.645520192969
84.5962900163274
3.77752448888386
958.209788244941
6.84926856834205
21.3661563290495
11.702824068077
21.4322063830703
1967.41457980519
355.113892062001
167.348501308941
77.2124055278156
3.67384111817544
0.415011812930012
396.460611173252
2577.83737385537
86.0238779855808
743.906650407632
372.380899989251
1308.9875693363
276.634155529467
24.1558914201865
60.7995296948022
1285.52148865247
190.494398971655
343.117947884486
240.532238745878
1546.8877783548
1068.57714496935
12.0940010699104
579.84816471905
3648.76261252511
29.4987334228801
687.245450956981
921.37682559367
111.933353885356
2.70129239339461
333.44162500693
113.46003304271
116.784111314376
266.192898541519
445.14600556181
535.175211506627
56.6819464519493
11.6136025503229
57.1174044453917
4623.29645488316
61.0739679430537
8.56954929314399
124.098943577821
956.829775642151
132.728247297114
4.93749437954535
32.5387199263211
4.48369896026656
1780.40518825687
244.961270712077
1542.85810136353
149.027397745023
3.53241943522468
6.56506575597492
82.6577504302889
2693.44189637399
349.596372422236
434.392370409853
8.3799333027074
425.421831338351
98.0998326272216
481.065736901608
40.421098899116
79.5223021986002
724.293453111322
7.7357027127815
21.8779455104454
1149.13313559532
54.2557188703518
61.533203395639
50.1768529989007
15.3099563664803
142.777758599221
159.290627772275
241.321847433661
300.98433659164
2.03197391302797
11223.5047029608
77.5485409845142
79.1232506041222
54.6521045792644
0.282214469222502
3062.97023500743
88.9372379416239
827.17666663252
130.107441654203
0.0172206994167172
7.55614583174869
24.6124236412335
13.308050117608
5952.6617495244
1055.64197839095
625.181809209867
1.3791919717352
9.04705745608776
1721.21043947583
3569.66380964719
0.251185435332415
31.8054219375134
402.974807872625
411.135349509037
24.9154970666301
59.8971217288919
122.674765879101
257.873095588829
275.358324586998
161.454914593788
252.989857562484
0.467968068905779
6.53774420839019
73.939775215212
895.296941554589
872.186987118436
582.799878714548
16.4888210426795
1645.53469113199
1565.9952093266
6089.03566419005
277.884053896517
177.531357354778
33.9359657289156
2.56029793505198
687.467913300191
57.2523690397241
25.4876399655359
904.465404951114
11.4266652489627
47.1128927049817
224.770313354311
2159.79616422839
196.837570461673
11.4745088491966
78.3800587113281
666.762894038459
490.733116643787
441.331805715338
424.134891360148
17.1220443387895
2530.85011850177
10.8478382233403
228.343870511216
232.951117136411
9.91352634205466
302.711040076923
95.3587628793293
130.317167842026
0.462761805892769
3678.41512997317
0.394225025439391
156.667173218506
240.064206327001
2.82392713720661
26.6352469936458
27.186318993258
24.6314583972601
193.212429200718
756.360076158037
96.5640785820886
366.509961754111
14.9380936861094
6237.91887420783
6.28325763775759
6729.28522791273
494.498783817272
1089.7245665326
473.266121122537
1261.1594915257
1192.39955598163
285.805533853072
469.899815519144
151.897020705859
3.59369039774717
142.472554166876
2543.8940202373
0.292080444965072
155.349313756655
196.692620267152
36.9721423115173
15.7789971961955
13.5516545635689
878.426396531253
0.516177472128773
0.342763995907771
4.28664822052744
2142.61853014555
3205.87114945189
815.699127080896
3991.99612912519
377.902014502231
176.585149709734
442.78982531851
1105.61376314474
241.694098874004
723.301759735848
3051.84076579934
44.3645902209151
39196.8005994911
1946.20172443578
859.847353807802
126.700086316699
14.5838924466698
1460.86697532041
77.8737869730561
517.644719913256
513.2150739674
344.392233086556
193.830809940621
75.5245018029431
273.420546047782
937.252373829446
3.02108343943255
0.0630265498982194
6.27282473671864
1170.69721125587
1170.69721125587
1166.17046573427
540.498704974699
3571.0368870196
0.566040526051711
1333.41145822812
304.153480167888
44.3133093470312
14824.840075133
8.44279351808636
1917.67656680653
1877.66765272758
1049.73052487704
190.465594232798
1067.08446904483
1043.78034037003
306.011018863981
580.976747691772
2.80761417957023
2.61572827452246
18.6714060952861
14.5707879972374
169.922355210373
175.222230705732
104.641411787061
3671.05994107517
6.988476551338
677.340214135774
628.87940952298
11.8988717844952
30.2543003395745
6.91178603738307
37.031878165221
50.2966863688123
246.26398491124
0.3553049700451
267.436741062444
13.7572839762226
842.042043234483
1073.96543365889
262.480874242472
1019.65180596874
468.675463342198
30374.052896556
2.78366870524247
1.79634290898236
6805.7287143339
1.44699938323192
1230.80362346583
745.897877781399
749.645802228413
49.722606233183
858.561295791942
1123.90888791998
99.2078767519398
371.888851402587
886.475849541426
106.822447600572
56.8835549254848
355.303093268404
8383.80004408819
35.5715295352415
35.7293821263024
426.739755503711
4956.60983234309
1140.5562210938
11.8633524496804
0.227169336322686
0.904168066973387
225.347525437638
412.372543856287
126.01665481859
93.2750303998565
1149.27964537314
126.889360880131
735.236965560443
10114.1420334549
201.386487102047
6526.76562502998
2283.13509473317
887.213508329482
525.547531310812
1749.14647120361
469.17865281902
123.547034628794
46.7207026737593
4487.15505113513
18013.4260298784
2.67101074071566
294.859870648021
3.88986475332326
3109.11845001993
1287.22559864234
3479.50615974306
360.389748556034
416.803973274018
7.02515456769105
641.448192188461
238.562237703042
1068.10999385369
3933.23808534323
251.583832445057
205.812784167875
163.410029625222
23.0030037136096
161.022388828544
3760.52746397875
47.1998174079767
244.373069245125
2383.60965948119
183.314779505352
818.253735860088
563.935634172271
1.91685095758835
3892.57977503625
15.8823833528379
60.2462074135074
31.7199238712846
60.4117181481333
8.74682189449283
31.429680216451
364.873352184757
2257.53426799587
66.70674029347
40.4894083552489
498.849044721407
194.839595308732
1.01647144914418
280.819664810836
146.554402763324
545.13432041118
209.862379804983
504.204557364858
7644.75348137648
795.73950457839
636.660208538123
645.09591175545
193.770559823159
823.335778008324
16.5052632406153
603.96918937418
1.46618697775739
446.827684622755
2.46698147654115
1291.50134583822
347.523047810902
169.30789622154
382.544177389573
347.983398219505
850.213400995519
177.193441907533
63.0885053908172
0.0384002709519549
27756.6084048329
914.180701832974
35.6142934749778
200.885578575352
206.516801965178
1134.65585714275
3.21235619663208
10.5375180338028
96.6853134788514
0.00727878744621591
821.385772022581
598.973864281631
165.167333663611
47.7202632822071
186.351891828962
767.116891272487
435.535819908822
635.734571429903
0.608246988598516
9023.61190927897
9023.61190927897
8925.70075397676
15.1451609790232
1073.38909193945
513.205282090147
672.520532557868
132.804636448149
218.728806067137
0.771216379145904
1215.71844271979
259.111898249144
42.0177232330571
11.2502760137141
2.85066061094091
86.1904487243416
138.340742873227
860.903128003002
29.4418229469261
0.952701237915665
519.820521670982
3010.752125188
156.432905413408
358.583101497191
353.924576632901
25.004776957573
1.81807781433639
541.594275914438
77.1770282493214
114.386054276768
244.244437996129
449.577711662563
12.2024522768134
198.208259296425
353.840824601225
393.139891041621
144.102386768182
871.006091435632
31.9155168429849
372.498582024451
167.680497654885
238.697566076468
356.700575799668
1002.7732492732
236.351329669363
26249.5335721594
281.455108073633
81.4818426922395
5.28441244003277
0.00685990108377621
235.064837448216
1101.01089152794
3286.38064445896
32.9843023367729
101.969776254779
147.767164399915
0.282919464177875
62.3355958407216
0.478743712134255
99.1928707189662
36.3676228186965
1.65904304319094
8.5009794856418
1189.52147354575
3236.47414670913
389.47389234669
320.741984178626
0.197432161166053
551.905247494046
9534.69757093958
9516.4831845185
18.4623940967526
6.40098047836783
153.326934099718
49.2428097630129
277.107069406195
1.23386404683192
15.0666584476199
923.058710007319
232.101694228448
4093.67042709832
159.810715660337
44.6831718001652
0.0828617355796641
4.09787133833894
573.006465071487
0.267677307365314
5179.39457800673
1360.68190542957
0.25707485686954
8.78112413461614
2425.05153700426
90.5434194396328
31.6505570999861
1269.19913257177
740.026498282477
71.3828739934964
28.0977757670956
186.006225752258
788.716912643218
426.756847565471
2.48972549871864
9.26358238485191
6.55492282069258
6.64960223138566
9.06025034430019
4638.71941037176
906.222808400509
31.8737489086719
1382.25218237905
149.304347850739
2618.34569425485
711.745592553238
131.819184292412
477.046541579396
5.03297005953513
390.319918461705
401.505753031088
3.06479139093393
111.486879840127
0.0683844703896794
107.105688121775
22.0921870226876
2.96019894502711
2533.86876885514
0.0583703432498353
5676.55683828469
161.076701252226
42.4158885554282
230.770713588773
1664.39376047954
791.974928561364
33.9599412883838
218.504517860186
59.5303703134683
33.1829987936325
16.3987855773291
6563.5964648508
953.589725802697
2614.13423816194
439.03908589618
9.63507494215792
343.163232574065
15.5610736796197
85.50226044324
14.8629759501861
905.250605195351
84.860646469546
82.0844626335799
7.65779059842647
0.0437118410116997
227.860445772886
1.11865768912387
125.442452164909
657.338125892733
102.184090119707
2.21722966254073
23.9924769007752
0.100254801293158
18.8754454474005
1273.63096323563
48.4647343212645
244.116821329413
515.256089379475
6.18457092038189
54.778685027987
2745.5518058041
3.93254049897835
508.543405962517
1010.34986584448
572.238575509046
159.905352457682
123.702191247433
15.8683305789193
1196.82231666525
6.58579106987591
0.448079248156638
0.473388572310201
5829.87546013441
168.643436871173
173.092929773808
374.159752864176
227.228524411967
81.3329691541164
353.553600054246
3077.82925734039
340.673989745012
44.9816004482458
61.0516511366558
1099.23557040661
6.802904454995
719.228721843389
417.257772453219
218.956814184918
935.69713114596
126.189363910258
2690.23816229098
3415.53261204987
1.01231722916584
3954.3444331187
1595.88333917714
946.65467742141
21.5107000191897
6.70902203114831
281.531335491485
10.5173966724304
0.0655387487909123
519.863361200396
38.2145979549654
225.361894848191
108.598359159214
92.8494673894351
3.039309228473
1.92087722235357
869.575134543039
9.54697730766089
291.990377593184
1.46552802767873
86.8587028609331
1548.01056641571
1213.34763220631
1031.16801309643
315.125404044947
296.309257257113
2652.57292063469
308.016110398118
39.6108916794949
53.6951059142859
5.06873966588406
174.943424502745
131.261860770332
10842.2414860719
608.43149670372
14.0850550061564
6273.28866411414
0.277813238088772
20.4874761251593
14.641402079935
5644.66735163187
4.69236675341591
1176.91262804796
300.377007268109
388.171536520295
81.138485223565
1.91333687604253
301.427155757547
51.5203663096449
231.098571008032
860.844932370277
0.0120293281574966
16.1545507838436
731.533341103291
428.322088103195
0.275334920106659
3.46448580968163
7467.99191001627
92.802409272804
3.11582004837079
747.814696654862
1345.56128677982
1351.28457091292
2971.36240145328
619.680997453251
15.6174650692271
41.3317942235784
913.528499627557
0.430182927778115
7702.91740980908
1.06033753251893
2854.51387423587
257.794072359423
13.2354780678697
6690.29008905997
3463.67316900477
13.3381118062408
326.559720174999
14.5871899249307
171.685374899393
1893.60837765993
276.633282463812
3.75540811359419
3.33854489790763
411.105424836296
3.24008263370692
10.3323724705459
424.932156610872
179.916557369822
99.0474061323597
69.4008965990747
15.7819631156083
541.243796418589
23309.8541057738
403.273863420037
696.850792556188
5.93085831095623
41.0145675368381
207.330264331343
701.963070342268
62.097024029916
3.28581761823805
139.506877032323
40.8490893837976
33.5304848806569
1.47135671042895
59.1552281675519
212.904435910192
149.389750736501
43.523678142098
193.334591524413
249.897843218158
36.7141418361316
10.1506207590753
146.114072230749
2447.75802389663
159.715952331408
3.89589842371241
4.62739276398256
2152.12290624906
0.38476800750075
852.145403773605
413.548611171765
9.33648603376776
268.959242571634
37.6443704822688
1.9995703320758
9.62782568541239
27.4464520974237
238.049770833236
609.853328030769
652.76959474116
9.12125470569836
241.502771912278
461.850707004311
79.2534196746219
1534.97796588715
39.6955998457409
32.3120236843512
15.2432514425572
155.577404629253
11.4982526895068
714.482779418445
730.911836786873
2657.53637248668
19.0678661720737
0.0912101283993765
82.8963244392199
232.623813117762
90.8035313586766
3.44207902528269
18.4958461935782
1654.03246346043
1176.1740462843
3.02081861362783
526.482487813932
967.500255412856
311.686129106623
0.0411776150910426
134.893669828285
943.214834633026
1537.5272749168
10.9543091887088
346.981392296347
768.920455156624
1848.42054307598
526.713911878862
2590.20296635766
331.648973996193
92.923935076664
29.3876405832874
11.2653207106451
2710.91473365712
107.803401311877
71.4537862951985
0.181219217147591
0.346495870732024
811.339260442472
1002.43155510532
81.3730504192176
245.568260023326
50.9607039260493
45.7603278873166
2871.53041738096
1752.25820695987
969.335971041624
27.4211800612373
2383.59552675659
0.215444989242953
1.0260380370467
620.115648849105
19690.05477463
3.95022321125722
420.450280006332
40.5523103606076
2080.84877703903
0.0166116117002422
142.149154763034
170.020256884615
32.0246176514454
4.24371455281693
5.58629888480129
92.9730856094278
582.438693859388
0.24220393438507
13.6776421549687
7.54071526209496
35.0451062179655
384.031242113029
14.5613955966027
495.338380671053
0.0085272747273446
26.5638313880113
489.850162892335
367.987370419795
4.05647443057025
168.510782567998
38.7761878089779
283.816328227685
23.4407614921404
2385.25430816506
288.910480057657
2596.72871463842
1022.29316144497
8730.70220373295
23.3472369883868
0.73606483862912
39.2811051163485
13.1054507541133
462.923582878234
10.4414388919583
72.4803891228081
0.0299125693147322
1488.43820413075
1466.70294765323
89.8922444268018
0.109185464736656
2.01182317040897
461.173516475141
209.133190245476
689.030336030224
30.1877950143365
96.4423425621887
295.59038162717
560.315378572218
1.28003642554762
3867.18666400005
3965.85064527291
1097.91775678105
2989.88508987662
89.8090442182523
759.070469278833
68.9006920591592
123.114798032862
13278.7073597778
0.11003954796898
1928.89031633909
37.5466049093375
0.00872545765485655
280.184047496055
865.276801892282
306.852746325799
189.643717607803
11.8534609769921
1.51868500017951
7.64038308595944
8.01338859776061
197.812957080278
33.1357296633587
7528.95357692587
4744.60774100265
6.99486882615803
16410.9026384656
2280.03466343228
659.359298602698
2.77629482137905
252.520219017341
372.253700030037
54.6027382423155
107.681839489054
231.762086916522
6.27663432440417
47.8744935296653
396.343872482303
924.37464924531
2264.64065339228
2261.42252156551
16.3569046181116
753.34680988944
15590.2987292913
263.678297310261
14.1598025389888
169.668936659507
60.5671576158407
36.8719752659954
0.218673971888967
10.0875309948379
6.86186475143323
2011.87936348924
1091.03899791504
104.716121253723
2437.32865640199
818.38450941226
2859.87242908122
789.101509558595
54.1101983742663
1198.87817350484
1121.54408666273
13.5962603350747
0.0297448837770189
89.176037166038
1171.49149231805
264.004088127383
42.7430573311813
109.293804492295
12.5015215400359
2715.6655751602
521.40822138237
194.936423389847
109.939546757962
290.05834075476
13.7474877721345
0.111057201126136
1512.59709430534
185.041598207627
2715.38276756705
0.493267237300957
23.7633896061771
0.0152157244639373
155.372891022557
356.394781358241
275.465229735081
2369.65872575075
145.386267210179
2.74838241605415
0.151604949235243
2024.10939464016
29.66170150951
786.389879843257
61.5142965098284
2207.79663734761
13.8010861940347
132.009742378535
63.5865630563917
2968.379758957
47.9508314697207
91.5295159991643
42.4744538188284
12.0862560705907
8.76122467439155
81.2898789154538
36.5354735280802
1550.75299652664
278.667638949334
623.800813527473
156.943936287572
141.384100145104
665.684432786574
872.239966532008
341.047849839845
0.678663593167206
222.742054378114
0.628760884444662
74.7970017477801
14.9959226678345
10.9439811383522
761.456699253234
442.897734224335
15.9338066843052
210.606691727517
390.621507809428
7.17182558171171
19.3133676614904
18.1259261512651
218.794295018577
0.00727878744621591
653.75413690564
1526.67294143793
1116.69177414765
687.300721600193
29.122875428023
557.294921071325
587.849227667628
227.066574591815
83.5180006581997
520.433710525162
2.21632255335849
0.311346835576165
94.0813841382308
151.769792532948
4329.56058053365
11.5949090800357
946.555733890567
210.024963005977
246.42878459481
11.8621779373033
12.2571828480927
999.239989192775
2669.05529305031
296.390557420375
952.85445201178
748.286487863891
392.546144621523
920.987726150684
326.923640733738
211.067724379454
251.496909145631
683.8046181056
404.45331012624
3.3261627139566
126.629486881955
1216.5434120364
1434.8522669653
104.562021175029
13.3773828695656
63.4724417372877
42.1200470798951
1072.38805295567
0.00514307917383738
2742.52728412563
393.24539231272
322.541359919269
4.66474749399315
60.7615169179602
0.33872823497525
15.8808390777993
3.36665650927221
7.87853771311807
1253.85442755116
3.29635440817218
24.1076075279964
8.88291227951388
76.1281351303688
96.9756678776367
48.8237329029644
41.9304170015477
0.33496018588058
156.662950047733
46.8884883228472
83.0866613746751
545.2662891809
17.33447820939
125.441295577965
346.413081187954
13.265615986116
2435.11154040129
63.8283268731113
1938.52600270358
1543.12799137293
41.0121713271298
20.9627988369104
19.0844918009844
304.086863106428
17.6872353891649
1362.28209805471
40.8700505833018
162.127083625301
595.039241388114
76.4190446234545
1590.27780970898
92.936650776078
288.800329024626
231.422383885161
0.354595952774316
1050.19557555411
331.176799187946
1419.31873961924
416.428979550354
243.895781683574
0.489010653919077
0.264121925969778
96.2820213431485
22.223405494128
0.28506044904082
4756.7339127081
1.56133449500892
27.4788473073956
0.256607271646427
218.233099633676
30.9407577438589
0.61304830075657
131.663889403231
1.65008284821813
360.289895516366
42.2219742157358
283.126019474389
191.88398829937
4.67921275641515
4.83502531426121
134.65243732481
17.6056055097678
246.600812927882
62.7350698278941
79.0488203303819
241.0885953657
124.187117756821
969.14239272467
277.544382650725
1.60096906594093
6.55934221348886
40.5180232722339
495.580595289992
14.5928200633024
62.1506347712577
32.9743814710366
717.860686599578
2.61855365051805
81.3199788209061
182.694123354612
347.607396851213
36.0008420983628
63.942497840871
2060.01670949438
267.528162355281
190.523962651134
5.72654265599689
43.626281171019
438.629564661392
395.115635017352
0.8287999288807
3.94518352976787
1801.6970745009
1616.87743836894
0.281148142044362
782.248104771794
468.268942985236
0.203534988446248
0.221471345792098
1854.74629141745
1913.40497219384
302.539177769239
58.7225673014687
72.6758057172017
0.809353485162048
245.133371958159
22.273570081375
482.827546143555
31.0842569648848
7.16685543345756
3184.16709052445
3.00412966045416
11.8210651329079
13.2027394103988
226.827902120941
493.530691350049
160.364324372255
768.276909712039
890.411134627767
217.910851619559
344.505024956137
16.0759872301306
8.166470653915
862.825807122681
5408.99289853862
433.409470829738
444.052661163315
73.8601790468983
129.971619938073
2.60507203651464
26.4472380704396
454.978163174983
154.88211539224
10.1408593648859
2.90177440164014
588.41261281343
54.1674190970855
0.326571718593171
1142.91448876879
17.1828561473454
131.807737795921
971.882870752215
684.483787037581
12.8891258240646
50.5118329709646
89.4064940841355
6.11759842118634
0.572616150577451
96.0766023296834
1519.02272038767
2.94690108076543
135.190791720739
15.6375681297799
1.04376437877439
95.8043152494775
2779.8156926503
17.7375323869104
0.173089390003643
0.00750554725313846
908.239122506773
5.02015293914193
0.434000343062947
9.33021718442113
33.9712591795699
35.1807621289713
548.53632170062
126.769923352731
4.36555810305935
1426.76404827189
123.675944805824
231.15091014531
52.6135889409099
0.0255676450433688
104.764195938642
1130.36024546138
594.294036486743
26.7566898456829
220.758612049613
323.648655905178
535.41268325279
34.460255697051
2.05112199365567
1.34774882795599
1.39257897104412
136.25203154829
1039.17635042934
260.946063729491
13.9584692901248
4.99880195890055
197.799921760656
7.73078081049106
0.704428127249361
1.90065470540102
87.840040860895
2810.80791202588
256.853101501821
260.149819764356
6.12270421317757
833.708693082501
31.5441159058052
109.540481725818
25.3930087016263
45.7854888899571
68.1211990746777
31.6157398737647
904.352962853355
919.090510246879
291.872129248595
130.552413022579
57.6621092980122
14.1396422503172
0.652733847641153
26.163611204092
107.425681718467
48.6006229397661
104.144093980577
270.167424661284
0.39485327106088
829.494076765756
2.80145002027146
25.9383639205074
15.9928376827338
0.267109044645986
730.372696956914
1679.8467340165
208.871215273618
227.690522684432
41.8330546263159
144.852467704873
89.2464525593003
949.819817645057
18.5197804995691
551.296297815251
1678.70148581261
340.23400349966
159.019364579134
29.8663964564761
519.106193961654
37.9360528524378
501.105934341599
1.81943548106747
4.0539056423182
8.88064419680029
152.676716417271
80.1399319509232
1330.66706182152
0.742937811761623
1116.91445757269
2.62429090013048
1115.69913888911
39.1963728447324
77.8520900325765
0.00727878744621591
0.0177696652253132
13.7515028174212
0.486083919794209
112.2607689814
491.349246588173
136.715262692739
276.133420365619
417.301443595208
20.9582433106664
866.287824464471
5.85562818861145
22.3323756879736
2.36057307954137
506.06012984802
11.4620800113494
6506.61735749313
539.185346116393
122.647131819493
3.81268459202879
4.71905596384284
58.5413874180776
97.355025102143
135.281488287512
4.43189420978826
1.1844877984525
2064.81152991865
0.0920682840374212
262.847805083868
73.7003027087127
6203.64877268103
843.863252169024
72.5178442285936
1403.33976975938
2080.29929628925
1293.6433424961
0.967865090318842
177.264318506941
224.193448234686
451.44633202467
14.6211148066068
13.3401864060314
77.3716847989044
67.8106375504026
1223.73121085155
971.682371117092
2.03663579464739
1117.29483215878
1108.55594614022
185.996256170864
432.029810471393
1072.37579373059
1055.55969184232
356.614155269209
18.3399135868588
1849.03620198119
1858.221528928
2644.45656266249
287.446349080131
134.634086869938
0
8.93842297600338
0.544581773561124
57.7427685621956
188.852977704272
106.836205670327
87.0542691174082
222.286631635351
903.040761652818
0.134304255046063
42.8021448213123
3.14754359333425
648.684458507976
29.8621928903005
3.19692347299182
760.153305152535
232.622341529215
197.888464011831
824.694890977797
316.108117270614
1440.95050525167
3075.8101823831
2955.04054905561
3.46235470561329
0.68232410930507
4.45815132710267
667.295982879078
8126.53594731986
0.250477718573058
107.266611267026
7.84064333015924
1046.08447300259
0.136413432605932
955.232498714132
37.7347556028665
261.281855141567
142.791089345794
793.812629869476
1044.85362970459
2403.67979034463
581.128365067455
4132.58708752262
533.052038383427
149.984452566404
153.070533919858
38.6778024748273
228.470120791915
7.78385142616492
494.60630549004
176.415785361704
371.619446363015
334.0396597594
68.8625161046695
2881.29727699744
2500.6029025663
42.4794015269065
767.140116258945
117.197120368023
89.3595749434768
199.468648167746
916.565805060431
751.783542487754
15.9311339672469
3.84844931340976
3.23966065497898
976.00113362119
1219.70048424127
62.5248704061068
400.050426729911
1402.01515424886
9.19597228571635
57.0668786031803
0.731081002304345
347.408582063087
241.860774316307
84.3423689682471
794.70346481818
837.392541747603
829.85499408142
1105.79091086571
0.672476120972487
12.851293492659
2232.28837607002
75.9595258449428
1.85917295694981
841.268892436422
560.752527447749
2076.87187974829
11.0140117009075
47.3746254700641
0.220195997716869
77.3574943396494
8.46959448097828
2495.66625074011
14.8582358642562
128.809470057712
62.0158583987424
14.2141224122561
3.72150395031343
122.42545199382
120.041661385792
246.97070621289
0.0142344563584322
3259.01604087998
3.27834477334676
32.0129573498655
131.100444719619
67.7489446878922
1.62080207088563
18.5932913163203
5180.59549687412
38.4801036506715
60.260371353455
9.48930514933284
336.3230416105
609.133792638049
9.13040565238604
158.226006393667
42.4238176508032
809.452321106426
23.3623291553884
2.48873712675453
15.0353351560128
49.7792897563636
4.70356218763189
157.466174074787
14.6688062254124
409.096703166147
284.114610802585
116.980466408229
341.055066738863
1252.49712309126
151.436312609871
960.020860137377
51.6984184485043
141.349575090911
66.7511222992017
631.084186007805
157.821164057941
1.13241831071371
206.772164942832
45.8489753537019
3993.5280016912
4.96660849048353
408.724476697945
0.0554376733802295
130.075113159396
23.0321279422504
222.878818698515
852.036078241683
461.89555789326
837.487154962062
42.9484078447037
2.9976306594882
4.78092037121217
44.1287653513707
495.746082341486
2921.72527504516
4998.56353887079
0.0200011681517507
164.11591314122
227.812793174213
2.35852012706741
212.117961752924
553.176272432867
591.509709667169
1.23958165867062
126.376546299789
1058.78636490425
206.142924290387
525.026599368856
817.905535710743
2.01481594250892
2628.06518489041
0.335267480144676
3.52878630194076
42.9482476942115
126.268610102605
249.36434485687
2225.39040120218
2185.16233794643
166.174414588796
0.678253786574126
1049.13128027588
1.07654532207267
0.590606024653451
26.2003296812132
224.841056283889
1011.65125823865
1070.77046384878
5.68300322446336
943.302872070454
454.318228631283
165.027094105579
22.5258175190465
94.1841885273398
341.949747424628
1078.68013422059
283.74993910025
2621.56677434345
17.1008743163781
233.86404806523
6.97360522598257
39.2894677269538
133.622581704111
0.188832994594949
27.0402698475074
91.3249497875461
1.11351361243951
2867.25664363557
738.2979219252
0.368502143179793
54.4215683044166
73.4739272009595
301.026057608888
0.736330467399975
1.07098253192424
398.016711109643
823.25240766654
76.4890204047061
0.265373631260106
21.0403067171661
6.37181785829318
9.02636005858267
86.0363741082206
16.3401100641217
0.265373631260106
7751.6807820745
188.229138967124
3.85067886477476
1423.11671634688
7.95903663279871
0.99403407585268
44.2816895035121
29.2914655458069
427.334224935473
131.134520851345
8.29399064706359
0.507807671025608
5.10968442733983
1516.15381030813
12.5628509553449
46.3584691468522
43.7994391564069
0.960292460460828
44.1833029679147
233.431688128742
7.02748484917301
501.21218463507
12.6623019640522
885.850183802836
26.7782853576823
168.302063117368
46.3307892020245
511.084331832346
1.27509259470786
32.4052471524492
0.896961528246936
9.48103124397608
422.195928394353
0.439942079057805
603.509106818395
11.8444952557339
1021.94948382469
5.28106283620053
680.641675255827
382.494504489427
62.0325992435947
80.0138956187295
29.5512552098925
270.019908550303
692.902092935096
13.7728882465559
529.529825802534
1733.38417270833
768.77476116697
172.513824997619
152.376000182321
554.027757699446
15.3978043915571
1685.7744930582
68.6477196479716
67.8102659560461
522.112144190031
548.621976668384
399.820000943272
971.302875953152
515.64096811875
640.85205305791
1.81763323708476
82.7724955671224
65.9375136572143
1.81672308663989
1347.33458332405
0.234162907202196
0.0650771399568866
4.51006215742163
222.01910522013
300.337308304501
33.1373161150481
1.50186166963275
472.418497411466
0.105574694196686
61.1195624205111
128.351548597781
2300.78236249381
18.1944969045542
263.387261425205
975.125129991819
375.495033074581
4.66310225738631
2056.83413921918
104.746963550647
11.7914948412166
162.081359404958
0.694145459230955
24.3749362609818
1.33291472602281
35.9003478897106
12.8095873379911
0.0255676450433688
21.8987130916547
559.915412783542
1055.76108136004
1.73231504673821
0.0194617704349105
0.0142344563584322
61.1789615075911
115.680871308198
1.94613717482211
432.031833194284
49.2215020283208
145.382520992306
6.89230762182072
30.4135069028851
0.0240147374008288
1853.96825832625
52.2518840206488
15.8620501089693
80.5482253470432
44.4363253615517
203.358114442328
102.663970753098
24.7970573552079
3710.30132900305
259.861925123335
1.71852806999635
1573.57848892886
15.0525463342219
832.378030870043
227.912511370057
2276.23547367194
0.835753076967471
60.841099110297
1303.35288829903
48.8427511671564
612.09550766244
6.09415670641543
0.383849580003935
156.753004548906
7.03488425414021
252.689912032079
7.77341226138831
54.2742438566422
0.022957337836814
254.891335930612
46.5886821041158
0.627766250172489
1000.85634532863
12.8183198456014
14.8661980580361
28.0455495377979
15.4029081103531
4.42578812307148
5.71232709243357
37.7575935585995
116.199727933701
44.710500816938
168.873045151868
15.6544982355336
0.796895904511307
546.925403578363
20.91607408318
97.4943905418003
154.157984071849
2348.80914630634
658.21404926381
0.0660495511304977
56.6649381766507
449.460209435137
6.9821926392436
8.17033610428927
46.0899299935933
1324.96246913042
1324.96246913042
0.025245182137603
186.143882593183
317.332182535143
445.915953673276
135.926633959317
196.498615085802
324.766835991728
3.78881038149408
60.0618592706751
51.8275477680779
137.146747033025
69.6955433317608
376.233882199746
854.106723626104
3.23191763255154
6.55160184220873
584.073521441758
1.88956904071812
74.4684074381887
0.518003397905469
479.753967719912
33.5498174688516
8.40984341751047
0.357705375068213
1268.01796364249
13.3128908441618
196.253400856438
196.09326268267
55.4432880952172
936.56495332121
9.22824539623283
23.8414989708075
4.17439283175365
436.963856073897
983.290133826865
327.263822621885
344.404836068631
422.14087771301
0.0852685427975466
12.0275841338228
41.5536647504266
16.1443326096393
3.53277808652207
148.753558893024
21.6086767444663
368.487724773966
26.6858777796507
187.288298113168
61.6398925762577
5487.36637943927
1141.67299593259
380.173438089305
309.202408934982
0.500961691569473
0.115447796595016
0.846644052689601
5.02359706073064
508.948798960557
13.5716419148141
172.485877988317
35.2155292038508
91.7737570197776
1.47282774884553
318.96717285031
382.795561320241
2.66617805566175
1135.76183825614
1.1794631404908
138.680581629157
0.100934710421059
0.550408265538854
1.95794131226436
98.8376890362199
0.516921600439872
1732.25320399524
1.34683271323022
414.833812397288
723.577696225771
101.347910415601
640.06566665861
722.458036097738
21.1863041219057
82.7717084719131
334.593825494626
2.38952391292668
0.0639736836086857
2.61638749640604
3.12015337984205
166.907273186146
383.138006103715
3.33555213075338
757.075680918487
0.828240522110338
1100.2836452624
0.185182543496131
96.1912059922511
221.93760303277
7.45019707486069
174.589019543978
5.84553007399466
24.7956933183233
1437.87425706081
1.72100044444151
953.819222731468
17.3240284852304
12.8628931193074
19.4575495509006
129.67354609128
152.865529097904
0.700431720463419
406.378884172156
1.46524620849893
644.3795444693
262.418476667738
53.1905174103066
12.5346338153225
33.5198726095855
17.7543416050906
452.435291524024
794.77074100097
121.195566086545
17.2600820724846
101.810640887665
2263.81010226065
117.665837614108
98.744631897976
628.391701966823
183.201016097129
41.1682906413714
21.1357514014851
87.3094255989974
149.067610486472
209.698805496162
1.36906192993318
4.06289297512805
0.247127649821758
10.7064734712419
53.2339289791063
167.768584542295
68.427693889547
2.91832309731396
1311.5833406445
49.4998433386232
67.6207147730555
35.2351496398987
2770.91740142835
6.15133868191229
23.8941446034188
2623.6627607251
179.652317563444
314.097335250719
39.3849939551639
0.398954486472921
1.47772964156571
86.2748039300969
64.4569652895887
5.13583312683032
102.059925587428
1794.98885364502
477.246953928879
0.0987182392265809
365.150325727789
759.149038584447
1.85523703581612
104.79749651677
6837.35845459429
52.2817323313292
76.2819459855515
14.4652344243305
21.1503954792037
2.82943548423569
82.1098985379964
105.942959237415
1.4553926905575
1171.9359310972
1355.59637394651
211.916764305337
109.004803906764
1296.3120267216
1156.45769479541
10.6524639757945
0.830232040908783
338.196064850626
12831.4344862189
371.555893527628
95.3893287432084
110.833104786601
17.2354731952654
17.8402403856209
15.9020621612966
755.889296242112
8347.95523462059
1.15886319544359
2.24708783092162
811.928151675042
1674.39572571286
41.3607104346099
44.5293282802591
1084.17511642601
11.7312476987855
11659.6011953455
35.115996388657
98.1089652599864
2662.69151681541
11.5771382404402
9.41547592228977
912.543400397346
18.4739912766713
25.8126554257673
3766.20409272343
85.5806164606461
10.583311753417
943.529780223214
29.2498096600676
32.3450033416641
354.079845427876
339.137614211009
148.629910153753
674.373105016019
130.856061669944
2418.71501978218
28.665508712301
3.23692869989896
8.07683903843886
4073.10383815174
10.2858235156944
3339.39426552628
4.50948318940853
3244.90263112749
89.9811869034505
4808.01376748847
172.209551115093
319.472129316722
3124.413549345
28496.7686699473
7.03869549203365
82.4667619299984
0.242762694312068
0.130989390213686
290.681209895181
16.7921090929875
4350.61461137687
13.0227354252644
547.547659637132
38.984160399126
335.145230481832
260.969524736132
12.624736538911
0.0871348539278203
0.0152606913552145
1099.97136489249
18.4201018014895
44.1944677728742
326.979373618217
1.37920967817841
341.744360007984
54.0052874634617
41.6309796594593
102.75408723642
5734.1394765313
1142.77125468967
5.6427765866203
4.36307053655463
1359.6874446225
13.5373155635827
208.358489816848
21643.9300788149
13570.2116495979
13572.1833427876
1256.59822152142
157.681849584945
233.608759458615
6713.98898637059
5.71348700573623
95.0818679718775
22.1184881125597
47.2225550492759
3186.639521232
2204.70324584209
11.8015720076208
66.4589382516045
252.144212412321
0.426008189954324
354.874604961422
10152.2052179998
307.496828915778
11.297933590726
321.793788442676
552.165759470097
0.871910333658767
19.0322917877318
805.099585607479
13.9883404865091
31.3683058713487
646.451101066568
921.581945723336
412.5508032896
6620.85119202448
93.4829364660216
502.868805415644
41.0796367344951
10.7831928765847
868.849879386152
172.154843175925
230.801477401496
119.136669748361
3.34473887086626
17867.9170179307
1823.68139550344
5.89245897213034
118.132813406058
24738.9354977597
1121.3921114986
95.5358484811771
7.85063045024619
1338.23021594958
12.0705824200349
2728.7861519604
194.008280967011
142.660515202921
446.330535052037
74.7798577571646
101.710259371588
40.3435756640039
0.184723155284327
304.144926162634
295.036714114823
85.4044134131515
75.2260736295935
2207.20034108284
611.003877015979
3711.03728186636
89.8844395680307
156.977647101636
422.598862575263
544.637027428336
435.164983255181
164.730644191386
5.24862103115469
258.151868333527
583.441128282614
2.46431148165153
1.11936016994237
13.1185623257144
1.42923897681996
179.145739780715
193.183596878346
3723.65487827443
167.797124339792
130.899263495119
2001.70223543362
1.43081019796057
701.615614845578
92.2545067601642
150.764538876516
328.375264998707
28.045830077626
0.28862591393848
156.261732680325
15.8803557843123
689.445354077349
2.26842519985526
19.145810064239
65.2920446275126
641.695613201185
0.0870570142406522
5.75176422586827
23.7106892871621
222.459593271099
12.4023539266368
154.670818653219
0.0422129145302623
88.1504396948294
77.3865790852367
74.5832692830487
228.114110553886
260.116474242226
239.394094000402
184.860004487122
6.68334567488885
118.769888296847
81.5586165201604
4.24217192277732
2.56754412654645
20.5083370504423
371.367039509285
0.353316743554449
1162.41561121483
200.384774578511
0.628723821119524
0.676349870355737
6.31388011873077
272.156600794939
121.323198146148
2.82941264633121
225.053954235989
5.35850744268751
0.139401187376026
108.365386200795
224.51268483568
2.52855571969866
15.5175839710465
177.23019809319
184.260896151192
121.626681615485
120.410801153445
2.88702476672406
11.7948056692182
773.429092374181
977.507050955339
118.44656344271
1480.95082627131
0.0530754207428541
109.530487836237
42.5935470918205
369.021030032886
4.40029276908687
270.641832577715
4.89483256454869
15.3528536365265
1172.26103079618
48.9566403055383
0.38576222415209
71.5597607197393
60.3802981108911
2549.27404178618
94.4148279746057
69.3466297746937
77.3706737054327
48.8203614097996
1.24718550285348
2.56993077377243
0.143395103859298
693.892877421394
207.617807264095
136.107201218745
282.54114565568
0.0462364488256004
1.5306338754652
143.106005847792
161.719243476906
703.55934240961
311.183606545343
122.992513065805
0.142103834771416
96.3673420063551
221.861310905421
873.933749580272
120.306777700966
84.7346871525266
3.75067657584544
1237.49186160349
54.7577215294192
0.0784474844350089
328.500069024024
35.6961470395326
1.80718371969225
0.383473559145627
13.3947511778272
931.367386158438
0.512563508511685
4.41860745633213
5.47655146499568
344.488052973679
254.1384034623
3.6741766817353
125.782165369955
401.196302503021
259.2097346557
277.823933408962
0.262547341139347
191.349194293143
170.047712232005
14.2186224174459
63.360491249129
5.87927937554011
0.108313416712937
1058.16069851382
7.0981061338166
99.744839162635
11.6903078464375
1.2921561786637
170.395153377127
0.250477718573058
0.487714963006662
0.00750554725313846
1.90949256869039
118.934556572786
272.055938790653
0.105574694196686
1.24445062062047
18.955819653291
457.189283572945
146.346672822893
48.9148621460336
240.488780400924
184.806108106739
65.0780620036778
0.991856645004275
7560.89681453015
1780.77595760596
0.0462364488256004
143.691852976076
490.99044484149
13.3892563187603
1.72494587689589
281.136058517248
1460.70242164904
121.330098054906
92.9798556922907
0.451500624110046
59.8787053346108
281.042769634071
154.502591821458
153.678933414725
1.64004716599625
600.341186394513
327.833607265491
0.136176449027644
306.336511761128
8.5422034161324
409.623668167681
83.1154587285092
31.9168347076095
5504.89828321046
220.052062496503
147.88311424923
15.6690414819587
21.7668736020928
18.8268884736842
815.770196926335
58.6101282536871
25.2269100426945
87.8428377026966
3.22252182599101
1396.73547531537
58.2573842899736
419.093565428236
12.9307253638798
17.9059807534604
870.299772216859
0.383473559145627
756.171873932442
1616.86684688625
234.873860342938
90.8856532227922
125.976107394381
33.2597659776571
319.957665146251
41.1287646049899
2203.49282208513
2184.07662149227
0.795488726110848
2299.15930718975
1193.89075553763
787.579864956836
8.42154855351057
207.87635381314
0.453526607472275
1498.88846831627
82.3122339455138
553.730837489898
3.75321884433029
6.51957165320867
31.3368727837286
10983.5005608796
1.95805693512854
6910.68460882223
2.16551375925459
322.182436319222
111.995704649727
539.926245349074
7910.13742335729
7896.18098720233
157.075677387311
84.8963011132454
0.0458989455246648
0.013513250890461
34.5947240049456
878.32873710892
2.42496347418857
97.5648555459354
1432.11977202723
1432.11977202723
105.325046075619
174.820149839823
342.673844088107
845.51879361019
326.901145791266
2.63053122559707
1545.42829330849
1058.68289933044
323.638742986744
0.178512928319098
1.64784553202498
2.90055898124929
994.292572148604
651.067413666484
154.301174334855
205.951745979501
94.3915247398748
0.994880024045402
258.752238081593
906.054272253704
139.526885942752
39.6267557545779
4.29006164388038
6.96364829851618
526.660480377829
301.750739538343
1072.20719379629
24.5002251018177
1013.85236448536
646.40952445967
231.874549084915
1005.00873454585
109.133930215875
724.654999802592
8.57247802802765
15.3035844961192
503.02580998436
593.320745100976
205.472460846141
144.046409876259
145.311308604201
337.80664148472
2.57279942782095
2.36773764159855
202.428829076016
1075.59804262333
18.2119814449719
53.5337474859411
98.5911750037304
278.425768526821
299.289171812642
860.063055712276
2.31082846015837
139.119355091727
25.5903472842195
134.913755491514
285.735559505414
118.751202236077
13.001213604053
0.651700494167426
2.37244442975633
0.105152501163712
0.880026331531835
0.0150919123164808
34.0617890667438
4.93459046596976
32.428281765432
914.78736425402
921.829835526415
1.11368607044426
28.8660398428747
91.3402172682666
0.0843080459439225
124.678191387514
9.96924083729266
13.8551703207067
0.497279764866862
224.972707594136
344.323914454846
306.483391447907
2899.05791747627
6.84670967018934
1315.12913624291
375.337441974283
209.33894773107
9.97466847761372
1.45988582665613
50.6362090028257
239.649655549544
1003.24011309484
24.8889753570474
5.13872124369341
18.23512246152
0.978190172663336
0.941498855773245
918.760977645962
54.8013759711637
286.369267004665
389.032901523644
2820.52862507657
11714.2220919079
216.804313411897
208.399811057704
984.438814188558
48.8154060417349
1958.80754215789
15.4187367835654
71.1256426206089
77.3508459109059
0.890903980749785
8.63738505176992
60.7011780857493
37.799064678185
270.309075211978
48.7990473978057
0.0309251441790714
0.789382963571703
2300.81981444943
24.3523824249264
13.2205178882389
1784.45427044265
145.086889325186
1.37771961765933
4.42052299748371
13.3460836300885
7.53678355179422
17.7757544079572
0.779351871666369
29.21946435573
14.4114212767732
211.02259920775
119.747208232356
81.1047154438783
453.531669768308
391.838646112075
0.26707634755544
111.763632430059
14.2568172810665
516.048862843941
1117.46451261273
587.726134835991
13.6723285231595
23.685143751132
19.0641328099982
1.12548837280403
404.73819174653
365.667676797686
192.490288923038
237.347021290446
245.848651948397
80.8911164725689
5.43939599154249
195.32409541006
124.426799109433
0.0919617293047608
4.53320117578837
329.515832374131
12.8907856636074
1911.84613957843
12.6020747211804
176.120976790876
0.0447200024672567
0.220162992256299
1682.93535436638
4.97104536241028
0.115807127127129
129.564002504332
2120.67650672255
471.43165560094
8701.97647735443
227.564996266291
24.822383849588
1087.91891524433
32.8265267989169
155.075268591437
70.5672870929736
922.473361004212
3.14825034216175
1637.23957451652
14.9844810761918
16.1493306303671
20.8540304160156
0.0432357504695082
28.6354388273632
4505.34807404513
687.438224618182
1462.32447161612
205.986875727541
124.002605074331
10625.2139943692
2.88357991830647
1.15749357962175
793.040485917267
5.08590174742154
4.03651422207794
21.992164322319
1594.8500219714
12.2751314354525
46.6428486434646
1197.26977671026
495.914475487211
0.311193684680089
31.1577315479037
1.71738075678271
306.542485386837
0.967733168039055
347.880379894205
43.8409387353026
3.05511793126423
37.2033754238581
776.968432467931
36.8734701475314
136.496760023554
1.1715820918529
48.0500566131759
1.08324001659131
157.602931152216
256.452300416594
256.868173542506
64.24079846749
3.51082491640979
0.0130300319452112
7363.71737274219
4650.56598693048
27.4426466616525
1.08217730875315
23.9560670697142
6.66839051202788
90.6247697296586
14.0379417560046
13.4848322184018
64.9677483179858
12732.4045464487
6.26372379785486
191.144495833645
361.696646540634
3.3558118903486
0.794764994140762
0.709692222986479
771.86588778689
0.394736616860184
469.789997899832
255.858087228161
2.71410040469637
190.167035175398
3.61245759832148
165.307217043552
489.848470902805
211.183629108379
99.5613465358616
3.24744469494442
10400.5052744091
28.8025194861757
211.166232327546
98.798698273668
492.24261172443
36.807236208787
5.39354962410749
2425.29195555297
5.31681240611717
0.842605914675684
38.8061767017582
258.601229995486
1515.0362986027
24.1199769201974
36.3733781611819
0.627025257311211
0.500474310380218
117.866957940083
20.7139686710363
2733.59350170852
5.55008134635691
0.792977263378738
217.804988253519
1070.99666847439
1.32524330677242
5.63776829959804
12.8893263691562
338.023785453
31.8599761166906
2373.39891862035
23.0718308618741
5.81970161120672
201.677724488797
33.6797616864922
45.9829735149252
0.36678875725968
1182.56771292892
92.7315692097543
2155.98417666614
443.332667915048
420.527678255064
250.309093229927
12.7065610775554
93.7735024002627
397.858450362422
50.1146129414194
0.18171502958993
454.765385535535
590.406421768852
140.154648719569
711.581312007545
634.947947673774
7.11121744173621
104.807493216911
48.8920530953541
0.226505551229044
0.00750554725313846
356.560774593783
3.56249986139552
16.10284739477
179.772778878628
12.7868287385064
25.4570194923334
1044.7781138851
74.7764384319008
3.30479147242521
50.6228840717167
13.4479510027235
83.4060804783093
267.673056391272
7743.65623142911
6.02795268247883
341.759081933453
70.0939721815272
356.80904330973
369.312217981651
26.3010626949578
1189.20266590961
3.82012113807087
7.01225948340503
148.144739560703
35.0191034059369
1062.79425844432
135.429195830138
6.62326072580319
528.542695330891
21.4418261545112
428.407643494223
141.249130421336
273.098935883832
5226.7525529869
678.457828161974
23.6443640827154
130.779692519361
8.03284059677426
2372.27925491784
526.588959419006
5.09071055454772
35.9798741379134
258.218513632504
0.367691560500366
4.78422819669478
847.544895705906
109.73653304337
6.2977162169413
82.2176486136599
40.3165189780467
123.050465616746
2.78843058493727
34.6666579103844
678.913391936312
21.1110852887171
50.8859909585083
160.923627070635
81.7656609785276
5.48673000659853
27.6590405169443
7.42611807953607
112.16243927736
2149.42780153402
0.394762518957534
216.741064948086
0.0947147881080888
27712.821307818
2167.78538471237
1011.50348231446
0.465983292783223
530.823262517947
301.078941620647
5064.54006332378
0.563797357978983
68.1195182631914
300.094456164601
11.5171600471696
305.473197164315
2249.81716477656
138.565195720423
587.651841763288
3068.35534640472
159.992050124901
71.1912912441968
35.3197617964467
1755.90929764925
116.224720944143
487.351654794937
805.227650491113
93.5289178074367
0.576578152950417
202.132681839937
1.65595591534939
26.342317890223
1.76764693959894
25.3904064759981
54.0090268504302
2.53098974914514
86.9600130188666
0.449781311628143
0.718828106172729
177.366832706822
473.634475766254
11.2477292502363
47.9689427889384
2320.02972808418
21.5230810207765
4.60666995267498
11.738983796447
3.68061769924659
1.75780320757839
265.708946675298
40.6744772928454
39.304475657509
178.68933012884
74.8051216939463
4.16912667418359
5.58682614778224
6.29214479312036
213.306116614063
822.810408435828
445.80327857734
1493.13957273502
159.831084772994
64.7286022781916
0.451328152793341
106.567372417813
0.226272022229618
377.71376251527
27.9365087792407
231.148691430012
9.08078265891505
17.3446435501894
6.07315651939381
0.464187084283573
1014.7633861565
0.139632083900923
50.2091564422675
8.91953526235389
220.049140548897
7.16946952247801
6.8780089214776
91.0064414508707
5.51239815968474
12.1820239316978
90.4502675608405
5.57672752616686
2.02009397634867
53.1405537779491
175.692983620129
162.9278650182
3.07020738919398
1493.15069402751
107.401905717686
9.68617768540559
308.098241933699
13.3119120909071
164.413302620566
112.047321052347
250.862300022692
160.327397378491
18.1070111249773
26.6860674398558
1355.87707760228
408.460610104938
138.741646780067
0.242063421165039
963.105242077127
0.159458706252263
637.637372208933
201.168973332882
582.149675619715
48.719104066137
1.36451266110937
44.5468994329406
13.4073474784962
307.368833134369
709.065687983555
57.2070278962331
41.4465871234933
9.30966432194181
1706.27158735817
14.1679096897708
1021.84734898218
93.2079829880966
0.346831233472205
245.212269810053
828.586121946466
1049.58939511028
281.565108932908
297.766039829451
3792.57455554431
3.96280097970395
45.1956640532925
372.962247149762
1357.26029619592
63.8069347883743
217.71172133287
56.5936996249565
85.8513815789196
38.6236445429387
11.6719905247566
24.1130793502685
1348.27035835417
1.17455609571604
66.6947157806458
0.0173323311694575
11.7846018584282
4.47631632960548
921.819756885521
73.9114432875167
787.529756656949
39.781530443704
12.6635579122248
913.309509229624
89.170982758175
50.4567615918
42.560697874371
2.61236773023518
0.0786485664945724
0.0536111642926114
130.396084728338
73.7111617050199
0.0883218933453953
5.46907500853173
4.72221742859115
2.17084375175916
2.15527370980792
21.6872922589715
8.9244443403138
47.8044226478121
1.16472782734141
72.3821031868531
2.50782363886707
280.081594207086
79.2382446818854
51.1016734209958
3.34483756849142
248.702423979595
0.340557355272133
52.9841556741531
0.389768032850759
1173.73349222366
718.985009730742
213.408235234472
1121.57835663505
410.277448832126
267.072044495513
581.876284062654
971.332798135568
380.300345959982
188.295425111203
95.8487499451383
6.95628743498301
0.0827306344557024
77.0796494885335
0.533595601500938
1.48504865226122
37.9070394385869
336.384185193938
10.3420129101678
1619.00861443327
87.0679907848617
9.07705067102457
179.080045570667
144.785781740591
695.789996494652
6988.66348461448
31.6901992007839
0.852455734499866
189.651850811536
93.3607889810095
240.985477993696
60.349752980289
801.752541293283
57.3836696146387
0.0687228880032398
98.2579537068691
9.99735525727804
11.7514472187042
300.717914478569
2.89339708538186
148.399638846221
371.08824094726
2930.6240989052
3.68285075273426
11254.4475796371
14.2676292472968
106.24831317473
1072.94705530478
27.9918941333939
0.0891264406030856
350.498831575913
325.993213020073
459.364836702298
3.87103045260745
60.6791644646034
0.0523297609449156
1108.12651696786
1120.85211676329
67.9984701420786
13.6557879497884
71.0236872033582
86.215981622778
155.646549272589
798.167102299007
4.25305035474404
678.613064139507
1.92395025457493
2.15831245009307
329.066505741149
200.055265759236
3.9647141613263
2525.66816816357
20.2340309382594
1.84762399125191
8.19322853559233
0.342436558426994
0.0603205370805353
2.75329005981231
5034.09007063773
168.248089233677
1854.27829285386
0.390214115929417
1274.28290078623
214.721227324321
77.141257893589
154.879388381296
113.385184731216
142.757878905642
3.73457625666068
2.55263286708755
4.48246459029813
6.75535245324174
6.29496623910867
0.907876026584145
820.10053740801
43.4319124477799
2.62724213056861
27.6685503456973
1046.11585510547
0.0601929480265206
1266.0083671985
70.9922532506526
4.52776929014919
3.96656471876269
458.09239305717
157.386976454987
1046.66477590277
55.1662853254029
3048.8016204558
898.970471656767
14584.0378887381
3.56497990229871
0.264469630948969
599.544489694902
20.3379933169102
728.232938948845
86.1397456769265
1118.21974670249
1118.21974670249
1130.67089590976
742.394998964121
9459.23819363101
2283.67185650401
187.388229927993
102.9712255977
1418.07792949186
1417.20225749849
0.510693496787769
64.5848142936124
273.434305986119
350.123591369002
4206.83482811257
1492.76271916789
19.8937389234698
267.526513435213
13.9318822441201
64.5380017447055
0.33060395198647
1.36837414639953
201.655152206654
873.822866976161
369.556642723815
1422.97401871336
196.917708783295
528.250372191761
788.437919675686
930.323444208896
2661.49275699421
2603.96201567454
0.0523297609449156
190.258016200018
274.578943269156
92.4055688285845
225.584693791026
4.38673706371909
3.5990487644487
1.1372749132408
68.756539367213
7.64445624463209
4.05772731746451
17.9560549990977
8.06591913102596
112.521953666327
4.70296805764263
0.944327581545551
1.61739841549059
66.2636302292711
3.42097142029778
17.89366174218
106.336017321782
33.0411369199663
34.9847285376331
13.4868393694925
4.3214840740893
1.86906097215803
1.15672850298723
31.5967063773734
178.357390877246
8.41558177171956
36.0319934809065
12.2129351861639
667.716627923597
11.1271267703304
0.469592576880229
3.00028659253283
0.0891920919557161
147.200565941506
252.613921640368
427.883447663652
1148.69528521134
185.112809985983
9.36070713078659
263.399191425477
391.147872254459
1289.60247569692
0.438605558262796
265.270100089526
34.6427130345872
1.70223783569371
1.61864890668708
3.18447072827717
3.40914597791139
103.860348177782
16.916543140892
3.14322063296019
7.44794168214954
3.93300432964448
54.2579718072309
0.804254414935757
970.794928091542
22.5555791725808
0.201699048422155
6.11148925910189
63.5017913684646
1.32242925538059
0.114526312044791
6.95344269164205
6.05830893830163
4.50424412388229
0.223762388689875
0.160887832030502
246.859781700604
340.433781296533
1057.32345012585
666.749480478913
34.6248438599524
40.8725887069991
175.982405648351
1220.54415122315
1220.54415122315
1203.40233552259
435.875772231588
143.745397417176
9.29178347650738
272.284769441833
498.675019433696
302.717722021047
53.0996584191362
5.14766090899264
36.5608210679331
144.880194470738
2.36660665539475
0.754674008683367
0.0427386610701288
0.646471030592638
3.36029303432157
2.47275275815913
1.01963330803502
0.689248489870631
6.26846585396448
0.203672962978213
114.59511672653
1.21718366753279
316.060152309409
149.235821664479
11.3748661482091
635.146562113981
0.11726081514459
19.2809135087697
9.69214193999242
31.3132219333554
163.282794482078
18.1078642785291
0.0767248117292472
123.834675018065
6047.84593955424
31.1961253264605
306.124236729505
364.470231028989
0.0209168326298743
0.00727878744621591
637.654681338782
633.744401015857
816.814328222653
61.9191967661492
123.105494473083
709.468176339252
710.686044650658
970.484107710074
239.406166647717
5.29213673409096
0.367034637705375
396.093312062772
3246.23475814091
721.107731008401
25.0186441691001
303.00242018946
482.235123535138
57.2894679570931
11652.9301573677
1.11724099479041
5642.4399369717
29.8909271149732
544.254312161009
7.71516755452015
406.637075109332
5668.07485793298
466.51493762423
9.4926019051906
2.91237915854502
1037.1295991783
364.89294182709
22.6514117705736
4.03023841761345
52.0107775662548
181.473971326256
0.0277081791022507
299.56154837751
8.63987825406756
4.05800646214834
697.562232559107
5100.18018632307
68.6906719935285
5.55169100236295
109.954983014843
728.549840848607
2542.02926429072
105.812142756395
795.672661027698
37.6238254047124
7.00304373959368
12926.0499661564
571.600788560043
11249.1959469511
5820.32948757947
1444.26842218345
910.794197021302
98.6666851567373
206.168532920394
708.484112615758
10075.2948321387
106.307291166654
108.696214522554
9.77121498304527
417.832752179111
0.120330154065018
1055.73938651029
71.0517390917585
1184.02509416439
1058.72236794703
6164.42277283964
26.5759178042464
0.680014689389852
95.8629471277311
175.281508943887
10.0364265543118
271.991885217817
334.522084535736
809.508945825639
926.001465635248
8.19955413862378
1.15299897344297
320.431406237
5.21551460274958
0.214270513081911
0.0130300319452112
267.38265243492
19.0884221227865
2.34093979488825
31.1665442085399
12.4636870879914
2.17821209050858
658.827461338246
3197.7409569138
0.877443604266031
14.3309768124139
1179.1126798176
0.311925200439071
498.853186201751
10.1391348247953
242.823066335684
51.6948492974552
6.31952262712366
12.5860206705385
5.33951844489494
3.60674401666654
69.4829632329017
1452.2266357553
257.15575465402
282.209837682363
19.0423291719265
9.76035871205572
63.1280833139563
29.5471796819061
12.8658142985157
523.035458082825
269.032827153026
50.2964071117726
1640.25952809088
13.3286034772612
993.531820409601
4.22819674389862
338.811327404022
5.20980128819288
166.381598883234
1.66176238464454
2073.44024903722
280.573578765586
4.37305286671204
47.9912038213889
7.12038350950217
2247.73836039736
1.10660471129243
678.466001887291
1.21814600407001
0.295971225188036
1290.83049168166
22.5573688700007
0.788425576012072
1087.77337725696
38.7682003916446
34.101677736964
1.5835887162917
3.88631365288903
73.9735994253412
438.552283540467
134.787085072511
0.787983975068783
0
1.01459841894069
5.2428971799591
361.769657832873
11.6287072951429
131.576741249672
349.370721366723
310.824006545042
5.73684024156884
199.366319008731
24.8435298882871
65.7812256399363
307.666128391193
3.79346552848733
1.04795533327137
27.7453804865421
4.71944588892205
288.189538784979
0.848449921089346
0.0779343533386272
146.129219826937
24.1893592666708
1.48449006226074
7.32903151554096
0.0142344563584322
119.865896933481
928.291221648207
131.470117302591
26.4808064779193
0.0392273425549352
0.0177696652253132
14.8524235311631
4.5621596142026
2615.77180992264
1185.05332492721
1667.92740504757
0.143218111648326
341.802483980656
95.5162440726283
258.910763139898
0.358102787799762
17.7375323869104
23.6443640827154
0.179136556400171
67.2967352256422
71.1224758015571
0.28862591393848
159.867898977546
19.3301249110051
759.079407539276
1479.50774270712
33.5120427404685
9.67120697785141
398.218183979442
692.599569984047
1.36270475373545
0.0597933666721537
171.966316806402
72.2523481487723
0.0278233926179094
17.3654832818966
180.697721343838
165.316099571588
0.0142344563584322
223.600784509517
56.4481845706441
145.414631363181
0.383473559145627
289.190430825182
45.0522118605287
2353.76630420392
162.139568573208
7.19408811352653
86.0534201929999
161.061942414888
11.3402966094028
139.145617492282
17.1877524999296
1669.95353535831
1108.48254492141
287.561599924312
16.0488659557301
25.132973915177
16.6531203947617
407.507535284035
1181.8723414437
2.04535398981053
438.003981357406
8.42389189536103
285.579683376741
180.385327634527
88.4443427786042
12.5251500895817
64.0808420053167
37.9271737100027
876.769996141085
88.0179156212173
307.18398920134
79.0025811982611
367.596931186814
301.63769779835
67.1272214429087
326.08241008982
22.9880097685251
19.4119257207843
18.5329148595293
398.22119931159
0.62551669728864
663.817896016257
674.373759952056
1.60927349414589
1386.07902727102
30.3623469214246
254.292938631415
817.81478273374
26.2672081345619
5.14546426024172
0.0142344563584322
100.979590110923
31.065846994346
1198.72202413055
181.500001721566
262.698384665766
995.400400496123
111.057229397982
142.188990393892
14.5284129332836
1.16109069294379
1.97231613449184
20.8937196288152
791.537791886777
11.6586362572406
74.7210702321422
0.530937347849972
119.377205556205
771.574485297153
440.445550445257
42.8802002726842
54.9113862286693
1.89954851160585
57.5339300801063
155.260605071848
0.0571111981569188
1101.69390202889
133.377817741655
101.793716420412
592.805145628441
9.54020741727829
14.5773167068991
7059.66401595183
0.920103741342373
9.54105686976028
2132.19501422324
260.477704051576
14.3188954131472
62.8962605140122
571.084286867464
0.651127800144299
0.0173323311694575
8.12280461138869
0.0278233926179094
222.642015691034
0.241320150269952
4222.63848084331
1278.98601531827
2.68216474014298
1159.50964095384
2.26937008780396
0.2322421202309
0.0142344563584322
92.3547152222738
226.182958160124
31.6073747126661
0.686123937496507
44.030270761787
63.2021981242776
17.0867229755945
81.5554085001096
43.7296949523479
28.7425541293508
238.624058323403
39.3404140998523
1.84186935258347
614.671391212398
5.62451767424771
7.72471937910986
261.008986780938
320.542467149441
23.8639844625044
497.415750261641
7.65283668476498
1075.22112223283
563.440119052141
109.434496403499
0.116559223378839
0.377822825513578
23.6443640827154
145.959614162579
33.4609129240394
306.144737906644
36.7489969098018
75.6520357001401
82.2312181388734
3.00656588436093
232.604058761244
2.63252841677342
0.0238102927847696
115.214269389152
4.66249901531041
29.8632800908577
623.397103995169
132.233777959377
1237.07991161919
150.653014123588
686.149043148896
34.7602572489921
40.550741448894
862.64752181459
277.70122502467
1.91411434359127
13.2286073198329
19.9793413712572
24.104016377614
324.54768016906
0.29427249835032
930.418054773314
906.004983527809
668.769701307927
123.272078775223
795.195302055508
43.5432452633914
1.96662557591674
0.299318586067321
0.225431307486451
2.25662146771397
0.88422280733269
0.46091306618148
1605.76473785487
967.161982762023
434.170564202123
0.584180731470606
88.8203840189089
14.1546999660959
1.10890742039476
692.759021508967
195.517753462779
2.37552181160552
3.18692255422435
171.195323602147
5.1785042299709
13.8969081771262
2.58466855487187
8.6162289827676
1.26053148837698
1.1690001067912
84.9312158666201
0.31308769198033
8.90134995293019
5.22403361289512
1.40308367095574
86.0242411039026
55.6221769143103
54.1856573148114
6.12865565953766
0.206136935769411
27.9060814087188
2.77993183336983
165.639968628951
1.03526998923881
9.62789956926101
0.62069871478509
40.1686427342414
2.22315451840727
1.28483789917781
0.279807929237691
0.68252786384152
2.24757910001566
3.21836569428752
1.21272385119056
1.38341584519234
23.5911865800192
9.4829093031944
1.31518766662577
1.45369723312438
0.267731675014539
2.73996914012457
0.707521823213202
799.355053132154
12.1672961364566
11.2464287424192
0.169261713310284
0.0744562366921007
1022.67678590577
0.295685500054285
95.6223375801321
0.185776351756211
0.607495338865235
1.93202150413083
0.72994636409879
23.4132725686866
2.16073193564077
0.0493255105562158
302.393077825621
112.711849226553
143.148850101075
0.701370511543904
4.22726582999416
0.508802815666005
236.773589081311
0.0810755342153671
0.874355685226567
264.527948367941
16.6676757081913
97.8568571072366
1.84441235859776
1969.11628484429
9.11616855154162
4.25519838418299
5.20693332749662
24.2599907264157
16.1277797018309
1.88855168735385
34.025405187244
0.762346739370758
14.976724729675
7.34813404820502
24.2633404066233
4.70356919934361
920.420899702643
26.0502984842033
0.819196541234111
0.120272345642667
0.164503894816986
4.65236133524864
173.498349996412
0.38065844983426
2.33605698874933
6.22319935479254
15.9628486976033
32.4175544750416
31.9063517015531
1.96194638996362
4.37148705772019
15.3317431480671
313.774355610697
32.0260461295908
246.055681072434
106.193496888126
281.90588658089
2.03544406397389
20.7105304056821
88.4406147804877
3.85063442213337
42.0478379437428
3.75904528861529
2.64040284254062
1.06880621487093
10.49765184271
16.3387302283239
1368.58101921519
116.221248240761
23.589381555634
798.906134185861
8.07896185350304
0.386046722473764
754.902072906176
1.17469943234715
52.3816467295077
60.6506814172174
47.2408222093874
71.1352743034416
140.308159174297
0.0142344563584322
0.691726045916148
0.464740494170388
13.7123450054296
1168.80676411424
1165.617237923
17.3225366555281
7.5616931436202
52.8436564558933
80.7227439692188
1.35306782626137
40.544241278656
17.6776982918934
33.3861518436168
1146.94790367468
188.251661097273
37.8836270952509
1.91647073344562
2214.86825270015
669.173918776515
47.0057655374548
17.5962280956817
0.503883166870648
283.247374451973
38.1436191523891
269.265473369108
306.773414739441
80.7029295741075
34.6340917902287
339.801449912826
10.5348562683484
176.922493351465
45.6214690822165
185.142660519303
194.678554562042
1.50024993453193
572.085013988336
0.0425342975606802
144.523123173542
20.0473853953958
287.194896073553
330.33801627386
1.62362121055195
28.2684718345372
0.780131091594466
1.00036539927324
83.4106685733703
1288.01460572007
12.3513227984416
968.566535273963
273.589375392001
12.9327435147624
54.1370553836049
1284.85185901935
4572.96657920627
3.98221429798411
510.237171310105
310.429190512148
4614.08333099993
995.167372266779
435.375005524702
1402.16303165292
4.22156481013858
54.5313450087458
23.2476712545957
15.6238917227731
101.734842488905
280.770451242519
162.248518054439
311.205836302306
0.261636759644528
14902.1220939702
2333.31327221761
1412.08705705847
0.507963522807086
1.52762979201508
0.0723590422334917
8.98640533798049
0.0531432365969109
83.3714920664947
55.7606739031768
210.00261751005
138.839462829242
0.366654373181026
19.9359254522293
46.7029755620113
4.44397903081902
87.2271974833514
4231.58505704711
3.99046189122568
381.175445219776
1.6680008489715
413.564689551171
39.5738899149278
660.090977218535
360.248709186078
335.36630568128
205.031605364338
1159.51003239749
6843.78926315631
13577.2368585232
671.962515752023
5721.9995249291
166.409427796675
17.5250743189045
1742.16603071993
467.691946986717
553.957938579708
684.475491431094
578.146611597089
4.23231020534902
181.498857074641
133.860829878025
0.341611325199207
2260.55728297337
147.36463374656
1739.27498871684
1100.22517074641
256.194385599672
5.62904126681748
16.7338879900452
488.662914571983
101.46048496111
309.430471493746
155.150479478364
254.129738799918
410.544994729444
254.92891844902
13.5927234368105
9.87496314976971
3.98510533377574
1041.21172094896
9.29229038729225
13.6422680158349
278.389666721225
56.5354008615527
0.924864572429106
11.5078942117605
118.384999490236
339.958814616207
258.21069774476
4.13362683367152
0.0320285023918652
3.90944681849382
1.81192200680069
1.20903747868077
143.823816436786
5.57393418755797
3.60486666357898
10.8675930353518
0.252063739954411
1.62050073796663
9.52564711952023
43.3049795296371
11.0805388898773
0.328805863727593
103.278377843086
5.14820575306837
46.603007991241
0.333485396656671
3.3544075172533
23.3785546055171
233.554095634458
2.28904824339571
9.47230782672424
18.3930682147155
9.84895302040888
428.165434581078
367.221103329425
9.48967812519666
1.27388071476795
184.877943610092
1.20668715975845
7.91780017182804
43.2727837877486
9.52771564851268
92.9600755160665
996.351933120137
11.0696196881711
391.435072258009
37.5676502759938
153.880532635346
43.5536955052765
4.19960866573495
62.3140075170433
0.0754128370246054
2.07467576411041
2.09566999402507
76.1649487533837
2.91510597856803
0.152232048269568
141.82359818932
347.329216384368
1767.3453538752
334.414102905401
1.70356201860854
297.801335642506
265.13747189627
834.953117736514
845.581836004976
101.992957883875
1064.89974900537
0.217570790974753
0.240959996429986
0.316014165829912
43.3426900189686
807.085342496526
3.64284916563883
0.809251052833655
103.886109815759
2.77294646796702
0.608522109817751
86.3572689356159
245.812155585917
3.50237163110981
17.8975157343443
0.124000571397281
0.534748849763311
0.462761805892769
0.733363057265929
944.637076597862
132.670228272337
1339.13204296638
115.794571833811
295.604100601241
200.616620882539
57.9811235493495
5.8520742153594
890.178361201954
2932.73809164165
126.458797905921
459.366538659843
821.766345581312
351.984212457732
134.05804340603
0.238522773129005
1881.46950652751
25.6714446846332
12.9542450878073
12.7912351809288
1.7551732129645
46.5362208383654
34.8448399766217
5.7968558801074
259.097938513391
147.972446618359
18.0701436657826
83.6310364194319
2.88510885122096
53.9751826046135
103.799713904112
6.82329993882013
206.728042407119
3811.37171833912
0.352620381903216
10.0183666880556
26.5135337841707
0.435207474656694
67.8743679714238
2.75874581269488
31.9682803382743
4.41557454151662
54.0623322515758
20.2055898377243
30.0883797775019
127.166040966795
1060.5665484167
167.269407178548
119.066982334989
288.710417974207
818.053394687204
108.70221357495
4.65393449252597
102.109402863761
134.070440693312
434.19457808567
0.988022002576668
5.81778919830853
192.135716859449
673.788865269036
887.455138588966
9.77816930821287
200.805947415441
230.379965360563
7.02433108906745
10.2896223628005
54.4127339682226
5507.99150744626
351.016264713165
9.73034933258695
1076.78453725396
650.690762879616
12.9417448670054
4.12542176249631
0.31308769198033
1.4318052964821
160.947735032463
5.6868710666462
3.30300383720171
51.8377335059448
6.45475248395706
70.6684849211697
2.09655145206003
6.95232381867977
0.851860499865849
178.194685087834
1.42718923842414
1.14448791011526
2.6016982023937
10.7025978310944
1383.05504761279
289.8402174228
123.584412308964
199.468736313183
158.372550557772
16.1075433342852
179.130235860018
0.524994025169726
184.407119542925
324.919302364863
222.396473224844
15.5279825824184
158.331094643578
7.88532957603678
5.82887776028234
46.4305083117061
0.20665648668811
0.0532875583846606
8.37297916342362
0.0591344942608747
6.86016257424776
61.1946345166801
1.07817167007139
295.968868404493
29.0759480865753
3.8934804654441
589.355518417317
6781.4148205345
12.024212023343
131.754033819755
1093.46289678161
1144.37434690952
158.964812779339
15.0352196204068
7.05064621489952
108.69075820368
233.013231391897
11633.1929761148
14.1512976872656
9.12573101548915
2.64306389823028
419.214520307113
180.214448462052
370.048850809927
95.578112939371
70.9485477840874
11.2138530813921
45.1760077845585
33.9955079347971
13.5741694649593
59.6224311605613
436.501392359812
340.575749353415
0.251074005834727
126.442162717577
343.591565126855
916.045532346011
110.625314508917
1839.60800036219
121.880737606106
143.350881481203
822.252046470374
116.587650065056
2301.0326650547
260.921606375901
1004.37494540315
1004.37494540315
10.8850820737933
1060.22826348991
2632.96998775775
2.17460793387507
0.349399588895607
5.87084182305415
0.267786994787725
0.202995682666022
28.9579084736935
78.6589523690172
0.407203373170786
0.758884897637338
6.33147606239397
366.088745533247
174.829287943807
0.0569771600270386
0.501269574994895
0.265373631260106
62.4889797889422
26.6226500592139
1487.42347013319
415.017346807448
72.0313549828043
2.04994471329718
9.09416966957863
3.96043542979388
0.232789889803892
1.03324453249081
0.913164187764518
101.711067846323
1.34976951315106
0.629484174160377
107.290400767205
1039.27579531877
7.0298543006108
9.07019812534315
1.9842679099453
281.706394119184
37.2339821363972
2.16523518046668
0.592733584049262
296.599595985386
62.5493766840821
278.715337620983
80.3721895866784
341.985584834808
4.70598170091651
0.054612384231991
71.6123813350832
2.89132208205655
200.323432739013
0.241761640184032
0.171385933561011
450.984696371813
0.0361300784636811
2.02280700175757
11.3286591189418
17.4601649718585
259.168298732384
0.244896797345947
10.2996392885034
33.1796317500051
178.768128778191
18.2273884957741
2.55237427878899
5435.87721649908
0.0733541370219142
4.34473611849974
39.1376518777064
2.79480370909599
0.904539126562508
222.177359543269
90.3545872248033
0.181196851112103
21.5377208274977
52.2939771999125
364.90549251231
0.0400206108681671
1430.9902616309
0.023959316314742
743.889480638855
103.336838217159
0.0482014492521268
24.2618622742951
0.281883066205725
3.12227760488112
13.4334136030562
1.04734765766142
125.961580633895
1.69382454439644
33.2949788178941
2.76686914728917
7.82961997177994
3.31132912257683
0.517634631177424
3.75104189008629
61.9598300095386
11.108977801367
0.178114248385743
6.47004757876861
2.00076002500429
2.31081362061172
1.30180969619437
21.5169149789062
91.043122703406
5.85500708111147
1824.94882456645
146.719286245241
8.55775864584395
0.470011319005085
1.70889778742078
2.85878237553652
240.934416594131
1.81763323708476
0.149624257560487
0.502330035980707
0.102018121253432
0.54583922292466
2581.36410648368
347.900812941811
2086.21337696083
0.046745149310925
464.885204536049
3797.88581216467
44.4023389087459
31.061533634004
303.905600125285
5.87693945333529
112.098776289797
3780.59144881912
3191.37548363089
3.19738470287495
5188.52362797159
559.591548718397
235.678906932332
116.902776057974
78.269896014722
8.27281305051421
239.829231627581
5.82144022200217
5536.93174184303
273.526762563542
137.260749808286
166.410205312932
531.596740984459
7.13717554120529
1025.06789069315
475.517290676155
107.488200960669
4035.91128015199
10.8880581542241
4.92046598753284
60.8789343295156
801.422257137017
77.7606782496264
5422.22516764805
416.040712878328
118.701691336107
177.526785936898
21.5729920049089
118.389996386364
342.955098201728
919.145257743485
7218.96013279034
675.704051490262
195.892674111551
120.654364685613
2474.23483884028
7680.76885321815
77.3908740474935
15.7184081690128
226.645276329015
24.0768950194939
131.714080378691
33.8116945624243
4163.27137877198
332.312791387133
636.558618440248
163.844077840103
543.148910367877
7.40333336248488
69.3515850993934
1.98712640500071
352.861813271347
9.81617137265519
242.232346201893
462.163871091303
12.1260647064487
44.9212011668162
71.4299271795582
1514.9649038908
74.4832155407153
3982.99259866057
3118.13306718415
67.9895701273343
512.289939176472
2740.07087621047
167.622133805703
8.22300670952504
29199.2113596119
685.884418283403
13.8913095191453
67.3543451890335
6.58731173406979
46.8593260733384
82.044568313687
521.373508117915
25.589698997474
57.1605496041776
361.724458135114
2261.68013570243
1.091608543281
1166.99255465769
0.643199691749515
226.341058919618
20934.7450854534
4.92366163421332
8.05687950649502
2.27771777317055
108.194007429328
136.304498968849
100.579942425683
4.60847776575143
1489.05686664467
1086.5134301281
140.270029033271
1950.64433828068
584.01593949236
31.3348336001041
214.832192230213
2872.55449229069
8.77086892731917
862.318502356753
1132.01625526421
36.1391430090229
686.988672360038
175.492115226033
8943.34284785229
4.79626396034026
69.665617881955
249.703637819196
21.7522706648285
75.1457794947555
806.281119955727
7.78739280354045
7.78739280354045
2.06725997781139
0.798783043259465
286.984103395593
287.509607809155
87.6120026758797
15.1581201849753
21.8532710521508
0.680797287009856
330.17210401375
0.299318586067321
46.1027922699261
25.9665838675471
146.882990905873
39.6163133329097
0.0194617704349105
12.3203850453317
49.7759122969937
1.4246746802746
0.513012521706456
0.104073583672281
22.2656728738753
0.456818095228199
4.15402702964986
3.40134369229721
0.496272163773452
0.134937580036822
0.846179566950591
7.62723893969462
6.36689525857139
96.8920851777747
0.0543402350075899
230.652151751591
6.91189242311005
1.73214854651281
2.59732910516414
1086.21539361153
276.197188334813
0.025378437239042
1.41308949763913
5.05107443673539
4.41239225006734
20.7949238041566
0.512163450379677
0.147269566346611
15.13485327574
0.434645982323586
879.415614737945
123.90837851541
2.91438588462491
4.47631632960548
61.6808563263422
0.618139460064079
16.5121972834665
0.495268558530147
0.119666606119643
4.54257044104332
8.35916535045221
11.012449448565
790.092196629313
442.721488570528
834.900872371911
17.7375323869104
23.6443640827154
0.00695732118949377
99.0493286931075
166.309562511218
109.031638950166
4.996670824527
2.96680364441037
624.440937533869
496.689800631793
19.6473233294159
10292.0281272079
99.7530280755019
264.180951134767
26.5198346448448
71.9208514076349
372.771338571311
13.7690690385887
2.88357991830647
646.106063254158
13.6908276977936
40.7591167116732
485.738887841621
526.056046106298
142.773997066676
439.644807685692
183.049829048328
646.807168171794
146.900168781451
1293.10109745052
4.13480796307208
51.955802276283
0.271868615413327
0.201197442837388
1050.75644375435
0.216336581093174
0.571967806544589
0.817994927136133
66.418793762607
334.828417223629
964.731611933536
234.291082873921
24.2908533551318
2.85480806755472
21.8951795959526
0.00727878744621591
47.008062622516
182.981052096835
4.1033124955365
2.72918777729214
37.8400708584036
475.752847371464
2580.8959938558
2623.84622401109
204.885909522172
663.399067182777
0.812635317314503
1046.45065576772
0.0133701673885938
135.409769433595
84.322465261001
23.240398748106
1.67078277677886
17.9654813154072
71.7607896302455
689.809714345427
689.809714345427
0.25753692676172
61.5088458645061
148.502994250922
62.0772320087975
101.04274208109
2.46078888364605
127.195350635101
19.2303987276502
689.239075430462
31.3290725184377
1791.57007512637
616.884333832087
1381.15885804166
0.299318586067321
1001.28125585523
3528.99425881851
17.3272318706346
0.310180646652453
9.47515221026627
0.112485851274946
577.916920766356
46.0686905683508
0.168751705449129
250.473308114376
0.255722525278081
2.94327853628372
92.3024813573743
92.7369086779507
0.0611985633963275
7.0993709158974
107.93056256276
818.170326219527
0.0146624834215137
0.0462364488256004
37.5455345042599
106.711636781603
16.3647934064339
1012.80737923539
274.176462463726
22.224113975219
90.2210433712401
120.335986678166
60.8419905747643
50.4598355159352
53.6223779127024
2817.64644895791
0.0523297609449156
0.0660495511304977
6.35823381158982
808.870448566793
154.785005551623
270.71995390649
33.2879049103679
334.043265313506
570.114325948497
133.879165319388
184.77575326273
28.1410936585218
3924.0429666696
2.23747131538749
1.47541809998862
0.107594921661773
50.502752763344
121.016519136101
0.0177696652253132
7.46270020499663
89.0202154161516
509.484779038804
1709.0362218026
45.8583515186845
0.552975931542073
481.230969940537
106.575725971679
2732.60391306252
66.1950712572722
0.227924213812846
2287.57076881619
7.42381848046034
0.0238102927847696
205.008287902097
221.398154507562
2363.11050650842
2407.03654306079
309.820367715752
6.88721034122846
184.371473827374
22.3599848250999
0.00695732118949377
98.4901823055696
0.563734377549644
3304.58130913453
587.629808837359
152.832127995651
4.36011360178835
286.608348047902
0.540877023225315
887.907719831444
2.33202512905142
370.913876037265
937.602041087624
88.1586752400619
4.75966154909548
5.85723091479758
1596.62973958256
1611.68930815178
633.916122409815
77.3942336509927
124.019384805651
33.6893674548149
47.8467591762129
7.28825112045155
192.362909885807
1461.3497354068
89.2216145373771
7.14480103437656
1.88837782165613
426.529820563204
0.72853685962832
13.7329003355888
319.07748246292
5.5288192568486
4.23200415219446
4.03776026544657
0.0243717292268069
1.19071451757267
12.6597204174995
7.2374117782898
648.608970289159
1.04955181276056
899.532481142438
911.205957055675
1.39783536025894
1.06730691971019
520.041940749197
47.5743727298464
1.47810396954341
1144.76231069394
31.0605430011218
125.845595824824
371.03822841985
77.9742104568557
40.8651091273098
24.3591668441979
64.3683068871429
0.0177696652253132
207.742651347681
19.1393751901542
1797.91475873867
2.2869895885858
58.2990572814622
4.99798530099649
3.72640058123518
168.093245649287
1648.89695623815
84.5430392680422
115.221975479597
2210.40755534939
0.491759730792183
869.856630786255
55.8252966252982
416.789070482142
53.0374277594005
274.098464144369
194.706187738955
142.313623556813
2512.01765426154
245.670833789211
731.687428759649
0.0194617704349105
0.0243717292268069
0.0142344563584322
0.0177696652253132
1.34530077139823
147.804333729488
174.044409221849
156.256712542882
40.9479293651456
2913.68343439012
0.305124478943395
21.0988734993895
38.778560560023
265.833991622411
1214.44300110217
0.346696399361915
63.648949926168
1419.63211085009
35.1365899021031
7.20850179755995
394.909228411353
1.38983056018615
171.252978719375
5.10221937614328
37.8302395645191
89.8273711292875
293.038610467428
298.609486818317
1116.31445877872
0.562153033950978
184.730786352408
4744.20355626261
163.666353838773
6812.61257216915
1058.64480061042
11.4444967169203
73.1382770258625
6366.52594216673
1942.88357118654
1808.79009086591
589.165313783094
69.6983893273213
3374.95410124934
94.5561336011222
28.2574639945102
11.1325849099943
2.32146977977537
0.375065907598839
90.7821936950682
3751.25430881125
35.5338432327994
9.32347560524363
674.980668298097
662.104582594227
271.911663507064
284.944700547539
1632.46980624818
1643.05656495676
978.062274714495
2391.83382282651
3668.09595095097
1106.6926496945
497.987321192784
2.77083156977123
20.529989241905
117.746903012856
1104.71528035295
415.348938477624
2463.45008970939
1561.94062334338
604.105363726293
162.28366482253
2717.04512595487
4808.9780331416
2363.91533910724
73.7669207744835
9.52001250215451
3742.94094650789
1963.42406033978
53.3437402509419
132.881398398965
76.8979109815534
77.8560762965245
384.219055865787
1716.94554348066
527.629973287177
498.640271791738
4812.36818321858
493.68332586072
13.3795064777381
167.17590441022
954.884152144806
9652.22771128043
537.258724641083
1278.46825923874
129.733604972259
1388.70260330831
1360.68357317256
16.8562970953519
511.06970716201
2593.45668068485
1928.938054267
206.102190710147
143.151205118056
8445.55896147344
1842.6951597777
29.4111878907218
0.121635427994023
232.603999899587
4.31688174969515
5.33501603079375
2290.79886355541
4426.75845833985
12.6237641651635
210.315102087353
239.698089140185
639.135534034298
647.924078625667
11.8197579808095
159.812124605728
229.333783853995
52855.5787293871
89.3765057397101
9553.92604639849
1201.24018306994
165.77151935384
47.6132860320788
3.7201420583412
399.622593885517
545.354528410529
249.821762757634
770.392210076391
241.309244780002
379.559735042031
77.2663994071849
7.92507886789184
5363.45583984216
77.9269820845126
616.13425626868
3297.58704460776
12.1710114004995
5.19122342428645
162.76473736383
1075.71133399875
772.764209857137
21798.3338095516
4629.47414021754
30.6322407802888
9484.07122633943
1652.55605777955
277.405635785236
3487.77373430785
180.927561686314
336.250529740247
16.5476980707202
267.856118265177
86.5172602171607
24.7532130044284
82.2220226644326
326.448349078875
84.2276036041156
204.796577305831
85.7995131686825
265.251946032681
142.169914145127
106.379701414789
4669.3830849241
4148.1441214279
540.66288282797
1.76236983556301
88.5775648672564
17.8134556689
689.142714791983
7444.45391946074
448.936370022963
551.010782170825
2998.96398333726
181.141602288686
2529.85261223202
1.36691949454678
8.63203791766355
6332.54242974176
2.675410714177
76.9599072714266
233.020739574892
0.0114710436386949
0.249305673052979
124.785412222908
103.983144915954
379.015881502571
89.2166755455537
76.3718035893683
281.633098388828
3.92737064967003
0.374221581546079
107.141978231328
548.672438294875
1087.98143455449
107.325277717678
5.79355994359473
2.96654470538051
143.411130553357
875.002858558168
9.35816665926956
26.3406110882006
1149.86663926282
44.7245780819413
22.4032295151585
0.100625321688251
115.686822563082
16.8677495712591
2324.37030322868
8.96914224499549
0.88834722931945
39.3872584069471
0.150654407496434
46.6541584683055
18.5142799641423
41.522818752368
82.3676528258396
70.7228349613999
16.4160586678074
0.699165234190352
14.3370088202717
103.570794371394
4.5621596142026
101.975774300461
1.73438594042513
313.182212650633
832.195537859464
7.82266349612849
0.352737332412863
403.149696029708
155.104502106549
44.0003070339973
14.3146713365521
2494.49977408048
38.4962642342087
5.7100487033231
1839.95486624319
258.6776603748
200.851068576961
37.4594190753299
72.677264401907
941.348340452623
1688.84280529062
1935.37320049343
4.5621596142026
0.798679213792919
21.4954992500334
3.9717327369091
2537.67246495428
269.307781834717
878.822642819656
24.8887602023407
10.2345468663538
81.0405463732786
1521.48398784398
291.716515446341
7.23573105705021
0.630789786834169
61.0473460519361
0.0993635771925927
0.978277471845303
0.736878746909195
697.586395203188
3567.67762497228
339.437928961537
0.591765535138794
60.4354885172132
1.04955181276056
0.177712655147383
1.10235490131888
0.179136556400171
0.741535806054104
286.587378403849
147.818688418082
3868.9474705137
0.636697293657339
1.25052911407712
1668.65442887663
0.383473559145627
1.06284697033913
105.067488435067
211.8780881104
0.311761124783464
5.48836698197703
886.579893993343
1036.35121185421
909.883389593678
977.056930761732
89.1458361247458
0.0432730200814728
160.229714611451
0.738599692576999
224.097641486695
53.4372714668409
278.418116068499
1289.53094654171
391.907484083949
245.18196568149
164.231516699161
23.0670279771727
982.393993214901
394.546297024717
1248.57964393648
4.42852359741556
8.00059874774499
404.303223861004
14.7913465499943
963.258116066478
3.83854442604599
191.349970965876
3.06491442119097
62.2883889593807
109.50227872059
0.0179253712746428
185.028523306112
3.59841318279375
19.1851419072273
3.72297649671201
0.179029412052759
9.78227326677
5.57728137620275
14.1323758575245
0.109141039831011
0.00695732118949377
6.06864773291973
11.0058276097208
0.423619634572974
211.372964007668
1254.83199142116
299.672666059649
0.277607310140854
6.86499512110272
8.77130381334592
174.374325257005
0.885178540217862
12.821523762736
3.68541327753942
88.0588202229521
5.39705691477003
2.41133613372402
13.9303288086687
6.92163483971871
0.464944344264381
9.22662714794904
0.739894611591783
63.441358819171
64.35689611445
3.27623594501478
23.0617880825417
1096.1237227111
1.69105107896065
4.50211912372578
11.7200843408013
299.415246325521
19.1481915218756
17.9369970122916
142.416170843701
0.130788654339396
5.92684894199187
20.0306819746996
3.53133977696279
0.167109853558806
103.023107937713
2.98547201886973
80.337148161984
168.709903225068
924.977975418927
1.97914411120932
238.252781287483
0.986388377596659
7.36000284909925
0.994461464968803
0.0996770674494671
297.486927315877
3.90814238548415
88.3476453713881
17.7375323869104
5.57481558087414
50.1477952900214
399.105465625553
1088.73362659705
8112.95673332506
1136.54836497411
180.309185388107
0.30714074405141
810.607208821881
16.0562054137474
388.285896494779
37.924284914431
61.5264216983658
19.4070476187222
806.70152878829
32.780266587064
604.13952111462
298.108421854141
2120.04016509941
2.56109520237294
179.251933894846
168.021267880661
13.932760983874
43.1204533378463
21.8784078399613
179.882174377116
141.163471597082
4.38763696841025
1.10197758202678
0.0836684156478433
62.3093399631148
156.819923103923
155.135451275432
0.0251160835738558
6.45828124125553
48.3273008741766
84.7137164173544
1.63622786671908
351.527978991094
259.300312110638
5.94126854192177
264.169613595543
6.77842560138285
3.81440011218695
6.59667497009933
425.058488313431
34.4414791914927
26.0854838557659
57.5877376451678
30.1654936861587
14.8191079517955
527.380801833542
0.0173323311694575
81.7719663956583
80.1837058894477
34.2899554348379
512.488766066771
232.448629544993
531.634788257801
1.05075660518693
383.545410144461
80.2857054470155
1.3401173105402
0.974413134314687
1.12886394304146
190.976424588874
1.02693779765155
1.15819531165183
0.483187553557186
92.3331593894145
812.644731149998
66.5428977215005
83.95013639949
2314.91427772989
0.418202648319568
0.841678301824345
40.6513914051799
205.26527844527
1.9683992794263
0.86396136339174
0.701900689379667
0.977040287460126
1.30206463332134
135.43805320008
2.77763858102532
0.234162907202196
181.186119038096
250.915624707785
68.1315629363939
10.058730660136
11.8213287407767
2045.4124779689
70.8383779273536
267.428479429031
8.66931143398916
1.88806412681524
2.67800936240334
0.535745511166014
0.217570790974753
135.078271561625
62.2744805392878
300.338122718084
300.338122718084
560.15324506449
252.712258005904
5443.47745058646
0.0841613218232073
1249.21115603626
0.799436723530887
3.23020106109581
4.74326289508513
304.958736694203
200.374597403601
157.356653847138
45.2649527130338
219.169841391106
204.410070755534
3.99336580245041
364.580167974187
3.91695960714929
389.996714460597
13.7818637245074
3.95760321719113
0.594728046163603
0.22775599602454
0.650505608696768
0.588982628413649
77.7732752662581
154.913562705943
811.851079681639
200.203130859904
19.9310653604014
0.503264571082451
213.217216644918
0.899029532262987
199.359310801123
451.012448623147
819.860567063469
111.8916409482
3.7979739254199
326.827918258567
20.2352336034093
1151.09009488442
6660.51022259539
6815.44375711917
1326.57939742827
108.209352362505
1.08410560471512
161.436449398867
50.2830256660198
592.286444678507
22.2224675901625
39.9809705660388
215.984299563524
4413.47482196507
48.0593101490756
40.5015126015768
0.0142344563584322
15.0030974138042
54.9463988404653
0.0255676450433688
326.326315574884
4.79133980681607
25.1070805820219
57.3750627558526
26.1584546710522
145.497406081014
206.352596029644
206.574331664027
3160.24020228524
14.7984480835745
0.816726471910672
1421.33163079209
78.1135263487693
9.51534766052724
3815.74945384642
528.75642041502
389.137993154006
18.8259579623363
398.857803429381
28.9964742250305
6.69678509994435
2.80749259416229
841.239656194623
1598.13614996586
216.2298383354
1881.75401568375
45.5657382688649
41.0117574984988
859.427932817489
859.406628009246
4032.91545146553
3794.84980923062
5.10443454155825
547.583266357757
682.849178452114
8.29517868728898
257.019224886463
25.1622424256519
3.70456093604748
1.59808306861698
18.7228463382868
113.052814708638
45.3072925230312
1.87395023453495
1690.19709161592
183.611531572108
3011.83402575277
3081.85367690114
927.206489679901
507.413940328633
521.689770165869
2419.27530101823
3223.8440792658
301.090809434537
1939.49123235422
2611.08652805536
108.260169551588
1753.82401298712
385.663647653941
564.58148139096
282.609334803368
10.7994099746902
404.918835379079
7.21271787818007
1.00232885884591
509.506067400642
23.7169495010948
266.441781664652
544.190777123314
215.805362391782
105.619633097954
2923.69349743489
245.397699888463
27.3818705690376
4.5191660952465
295.126608170302
4658.43437956931
3803.02291211897
3587.49199349728
16.4709933622433
113.999654460656
300.881931895909
39.3005298488902
11.2373547795313
15.6401304843388
624.975395105953
0.21297514533521
1508.98502753982
275.701874026107
6.35823381158982
2125.03646956703
211.861165165677
48.0670922743
15.8910400197417
103.48379404357
283.229816411065
112.706782140539
332.211621624922
5136.36707202321
214.448015370848
273.676528462602
495.193526532949
6.7156627275027
365.553451040881
546.91748541609
1.41537439129374
1036.47615425773
131.501811562104
13.993139817935
32799.4200454634
59.9853619867259
3670.75888088931
618.526292906162
0.283846739118686
2.00000080459653
2.97905817639629
25.5471890066636
10.2777737294015
0.197105108570142
211.469855822804
222.79983674864
928.920233167473
962.153326685654
899.447623390879
17.1441189384973
789.66202592899
0.778546195726066
463.035030864214
46.386569249472
107.729119132365
352.058293784576
8460.69193763029
46.4142680003362
563.831385520491
15.4714435360171
18588.438261039
1438.23755976497
15.8429311849894
115.393910610654
33210.6587275937
26.7759211222532
1181.96782531701
2.6352414176203
4.89788749053804
504.894968164546
1030.61373302179
1030.61373302179
1050.82214843617
23.5737741277438
12.0327508151314
76.6000466905741
0.749007359747258
0.00750554725313846
0.0238102927847696
0.00750554725313846
0.00750554725313846
0.00750554725313846
0.0278233926179094
0.149175165717256
0.00750554725313846
0.00750554725313846
1.93798330753728
0.00727878744621591
0.299318586067321
0.00750554725313846
0.0133701673885938
0.0852948363302468
0.00727878744621591
0.0177696652253132
0.0133701673885938
0.0133701673885938
0.0194617704349105
0.435339351070056
0.0194617704349105
60.276574813354
31.3026133583779
0.00750554725313846
0.00727878744621591
0.0278233926179094
0.00750554725313846
0.0278233926179094
0.0142344563584322
0.00750554725313846
0.00750554725313846
1.79270722643446
17.4166699311242
33.4554505488487
0.521575756668856
0.915455368675457
0.0208918190042171
1.93101588690678
1.01561006120608
0.226629360606042
0.116019111535354
0.939422741904156
31.3587736732201
5.78173973532262
180.431567489053
1.57504240128367
37.309130401291
33.7756328143929
37.0570179360327
32.5608452270215
4.01209366743467
0.190061273739309
0.0569290443968038
861.736440323769
576.364065193989
15.6515125940966
171.396873557533
3.73366585788048
633.601009963536
0.0223648663082168
34.7663617277111
3.69796383379416
1.77015849835587
10.6380766308849
2.43530849183867
3.13698840615623
2.34011359096726
2.38274477711484
248.789620694526
0.734549000828121
156.304074413678
4.49271920507701
0.901679072458856
1.93600799600071
0.0475843637490447
0.203672962978213
0.29427249835032
0.128376371397557
0.0117397950698934
3.62924015927036
0.0130300319452112
0.0173323311694575
0.0117397950698934
0.0173323311694575
0.0173323311694575
0.356854753425484
0.0458989455246648
7.28825112045155
33.958884552175
62.4533944156192
0.570832335082271
0.672679001587519
0.912000071017683
0.766000846588005
2.72918777729214
0.912000071017683
0.766000846588005
0.912000071017683
0.0117397950698934
0.912000071017683
0.829910410517466
4.47631632960548
0.203672962978213
7.28825112045155
2.88357991830647
7.28825112045155
3.04051442862235
2.88357991830647
0.338655053335279
17.7375323869104
2.88357991830647
0.0130300319452112
7.28825112045155
0.0130300319452112
4.47631632960548
0.0173323311694575
4.17671876825313
4.47631632960548
0.952321610011561
144.341007993124
0.907373094867081
19.5480579459999
1.49800245480406
0.749007359747258
0.156810716626215
0.452145504568548
0.513341193022484
1012.0498905984
4.15193415654902
162.456442104519
4.22295373141926
9.19925206340184
0.0370317268249702
0.142258959781082
941.133938728895
7.36702396316262
0.606338395641587
2.70821797471625
21.774983679792
0.0876079560460965
4.1668207593496
0.255135306966361
109.582065059635
225.575487513528
11.1747856685768
0.0920013347295352
804.404955073906
9.2630627493357
15.1704632232873
104.614854362022
0.363009181977164
130.038648251603
10.9730038653362
3.65154501021869
7.15147711904459
0.144643117194558
10.5385692704485
159.938406437211
2.42620634070078
12.0912170403313
0.145367649115242
6.99556363983567
2.00215421514782
13.0118770980855
0.68809478838604
1.90161356835536
1.88906700912291
0.0130300319452112
4.40458965000531
3.44988980086196
0.730633393584667
18.8631626792063
8.14114053234155
0.671830963120459
829.787274743051
289.841873539189
6815.09344501514
8.44667142991184
109.350774879282
5530.10405496024
5747.77661936409
346.252304677461
332.053564620217
2.40700036826911
104.158757640272
0.0245009332739601
146.502365902725
2.40552778401122
20.8041643026916
0.908847578787472
0.256607271646427
0.432723700028644
1.08665076565981
324.496524313672
0.256607271646427
8.07600201793155
1.04013702235216
28.0075452903373
17.246198963025
8.24407781346725
79.6227172273528
0.825740212212865
59.5503249135437
16.7590138599725
228.732805095539
12.25610784271
17.9812996519158
0.00727878744621591
3.30856472298675
0.0142344563584322
1.21459278757326
6.76281786172906
4394.7709931242
341.754936978114
210.579823987852
808.113685849231
2.0268104848525
29.286662995114
215.542744843641
35.9808242242801
1.69188019843001
345.28316933378
0.00750554725313846
323.225047625551
143.730672328811
1.76193451677755
6.12707048253129
41.2305361811855
329.748048973767
0.299318586067321
222.399654302323
1057.28143838504
76.8550785856985
26.9348638996012
173.942888023168
0.635430143728092
75.5754767374148
8.87719455840389
10.8238660289855
0.634313586073188
0.162274927250914
21.0556959299037
99.5540107193429
24.9036215167894
195.808511033295
52.6764764405895
81.7095610878076
727.268522520943
0.0173323311694575
0.420135916333505
17.7375323869104
77.9497256535777
10.4314820989473
0.261817577381315
0.34567018455896
89.7099164901816
3.42495534165811
12.1659914165086
161.215173921883
7.59211028978888
246.396003187116
0.648066832683468
78.4418524788214
12.7472638975093
171.035976943219
0.747379429673144
10.6125106159716
33.9512898170395
0.0307508652077695
1.79143353817166
4.02614800699429
10.603620993899
5274.4107325394
9.9939321687411
47.5451731588095
37.4983573976092
2397.4863467414
6.94093264042381
0.808600724115516
67.087127460336
86.9563474943973
30.4971490999697
106.522224876909
94.4632222603004
16.1468032457096
0.103435701323623
13.1122868526885
0.256607271646427
13.0757086448815
0.438765753374804
1.28554090873718
63.1318971968204
18.7091662279795
0.10164958557328
1.00206826885355
29.4528463375307
90.6999289246071
0.0862407426681191
0.399080012493774
0.460422483859441
14.2684869308904
0.299318586067321
74.1338046389942
37.9702128787355
9.73369993561901
26.1361502109582
160.553932825353
2.39359961810427
100.011383288307
17.3165274786183
25.3920014706722
1.52768225583186
15.4418434531585
1448.21052711753
1.09510362965979
0.492250071398805
0.413893968412078
8.80769230443363
102.311386338538
387.393054066133
0.00727878744621591
8.37429667589275
323.940314859704
23.6318542076229
1194.34257589985
941.547988379703
198.460082815411
0.00695732118949377
1.1730069258703
43.4151223425217
17.9516318921711
973.4024874951
0.998830397730738
1019.79802618142
2.01599542935643
0.207573620445274
0.0660495511304977
0.207573620445274
210.289291282529
0.0142344563584322
76.4228993304507
17.9594419954646
53.9926444082133
49.4960588515211
60.703262907185
76.1063288609813
0.0660495511304977
107.028486344781
222.746888329466
0.496995643509954
1.84980061483873
11.1248837673014
10.9476848824533
139.539948355928
2.4674558335254
4.30598755753932
25.2515716003997
133.161060947843
143.232293318656
49.0146803215842
509.328447147363
0.0142344563584322
51.4594646131568
66.5128486555032
224.266219279297
0.295084851499407
0.190301278930985
77.4057323557965
5.93845581194186
40.604534150624
1.01222208078342
31.3331224827109
194.785621775842
1.34562955380433
56.0385223854383
210.380015927863
52.9789359391049
13.0352105104731
21.552240013655
2.28966391516074
0.470782460773309
701.063951081663
0.0142344563584322
29.4677578106568
3.28994200572798
28.3223323704133
10.2208627182423
12.5857176919293
17.7375323869104
0.109213738419192
0.0720689540101811
0.0660495511304977
96.1459072679056
0.527081643916965
6.41819626522356
425.510769641106
1041.6887916791
211.477182373036
10.0523549630975
0.105574694196686
0.0146624834215137
211.910136705806
68.456913729164
292.280619655277
102.787240492029
0.330676092409473
0.291025222932654
1.11523683482648
23.6443640827154
53.7638844046376
0.217880032300288
792.665367042314
392.330810699996
278.503156790501
0.0278233926179094
154.794870643056
207.541518257871
32.2628982966708
560.776951323331
1.1438926261674
0.0130300319452112
679.592990340789
0.299751780850141
2616.26927589898
0.00695732118949377
9.56637211646779
19.7661261527367
778.93121161609
919.70547969108
470.770705368471
586.391702384112
166.175455972493
6.2267144636871
0.0278233926179094
0.45411773660038
5.81941180163607
56.7153306718335
0.0523297609449156
137.791019830768
255.730850070514
110.683713543468
3.21328171012451
178.787433997172
3.17109541353874
10.9638147827039
1865.95515353544
0.0629501734896709
2.49017803783288
3.32727546512995
0.0134817697194374
1.0205515768399
1033.91412966184
72.0740828891091
0.126485869201234
182.744793734148
34.1676985980844
5.01802250857
96.0919284663038
6.73038379526672
0.0480839244528299
4.63183400285389
2.03524510813174
193.857605111037
121.504970975467
8.86871824791108
40.4583735185325
6.03165574781106
146.384883189026
264.206533811266
18.9770485939452
0.0173323311694575
312.099407340364
0.673843362331779
11.6203218379825
0.557221481094648
0.790812207192096
3.08194561289692
0.188403964241723
0.543579610980066
0.505093977867294
1.32295728628245
0.776063978614539
2.00413118332395
0.437862484758629
0.0786329247021913
743.82218519241
0.883512535396518
0.21813914508458
0.21813914508458
32.543326013878
59.7298354968368
1.98862992606461
4.53095682957555
1.05851586456287
2.7635356627912
820.867459219822
1.48936538962174
0.0885980595703679
3.05188352368417
8.29977225792319
1.95789929257608
10.1809829542452
9.46612672704461
14.9076611196385
83.571167033954
2248.5748435954
6.3729170223432
25.1604816042724
0.189312759001572
9.90948847047263
0.476420984841786
1.29660953310159
0.519488547948174
17.5968649696304
5.22348270143962
63.125437047732
2.76525563821791
20.3182765135326
0.152265245364245
17.1392930010525
0.379708263323947
0.271470050313848
52.7287870743491
199.38733902321
4.94494761335463
0.0953226803603764
135.215724866022
8.0202623551656
1.40098730330652
149.891015076617
4.47631632960548
67.556393396408
1004.61775381612
100.329910961437
145.032472831335
58.7938172366127
2.22532387875912
0.0891264406030856
250.901569814759
22.5055303751088
2.89939055323419
158.765907039951
40.553222728519
17.5848536312699
71.9078129134858
26.1258556805888
79.1029854184802
0.351417618102885
1.57059536008968
9.82823805806592
0.0297519055224631
3.3649900411524
0.0212784883636628
117.299527150592
3.49244058361786
0.745620253704135
25.3797076611087
17.39193094835
13.0515484578427
4.82197563408385
0.0427057889017082
0.546128461176171
87.7290348036731
0.893159190091425
0.265912500799641
135.80911032405
0.200432488680802
12.9590198422685
186.596626782544
9.30851259901503
229.606931157623
0.0404507458967613
133.12960845626
86.3970069093276
18.0590185649883
2.9465150445798
0.85725593821726
275.092727812945
184.561168278585
4.83335017059612
4.53719807199923
1.09184250094542
3.66837200967798
0.0130300319452112
0.551503085824413
7.65283668476498
0.544581773561124
1500.47779326835
158.930311618788
121.513781448693
172.470698597917
17.7375323869104
33.4171683425169
31.8447950084081
43.1672372649236
79.7413600270946
16.5276440555602
0.256607271646427
9.22803104669493
167.284858120912
1.60072886955415
29.2559277574503
9.38456672871841
17.5646233292452
6.70878539832816
0.792977263378738
172.817505361872
175.595267049702
205.697456564531
0.135945020152259
0.582700911989309
1305.96582657465
0.00750554725313846
5.74188911917246
1010.83591223059
177.908628122584
0.00695732118949377
470.486303015328
1999.28487107156
54.7780736197651
523.761141572366
245.793808188225
22.4596339914837
12.2870243602685
2.34820894837254
3.4280622730961
17.7375323869104
23.6443640827154
261.476021171022
217.169517515494
45.0693020223293
259.683526463975
0.0876493216008862
4.34460317579636
7.71906102096615
1752.58567230605
0.0523297609449156
4572.14320207014
23.8827849028174
2327.21278053785
218.459459827318
23.6443640827154
169.361138960797
18.7446700778286
88.5742484709099
0.342473953818762
0.0130300319452112
0.0173323311694575
173.374276328426
2033.40201684464
0.643667235193901
8.99459463600167
33.6899421249576
1583.53963241533
23.3358337131675
23.3358337131675
0.0142344563584322
124.380869807799
980.750967653366
85.4860577328071
132.027304583632
624.381457562739
624.144644051082
73.0203692585506
0.105574694196686
1496.34290031292
9.93806025406979
195.80632931225
249.026167831079
351.966487465202
388.087291791087
0.557221481094648
0.0142344563584322
116.082951166787
42.4302928380901
0.00750554725313846
0.00695732118949377
383.547737994404
32.0896316095003
0.0142344563584322
11.6419691020547
30.0135786945743
1.35909709563595
1221.54453268411
78.2276993157602
8.57739822005956
837.558139300416
290.378347378916
1.71628008697677
87.711810259524
53.8853682750986
40.2572666227626
133.151941503138
11.8195600235553
3.17501007467276
844.177657858354
14.334186175128
54.0927570522021
203.650531122595
2.20332686822741
123.462852848645
799.774242006118
12.8947110935269
75.0603313097183
76.3258165674858
2074.12223251168
658.958594293258
5123.95715017308
7889.58916401795
1904.43082247063
1936.72738758353
425.223520658825
2415.03921599373
2585.175704186
938.968635903756
5719.56198076673
178.06118710682
23.0476129473278
131.127966946866
6.93842208861453
308.454155186062
318.326321482237
10104.7267744784
209.005107725987
782.156025988263
3215.50190254007
124.800960951381
3314.22784738114
390.523424226566
2235.60000019221
646.467791569283
1.09868303168428
1.51799485440989
5.98666416991109
0.46713790480241
392.54386588752
0.00727878744621591
0.0146624834215137
0.00727878744621591
0.0238102927847696
0.0177696652253132
522.725373370601
2437.29653759247
0.00727878744621591
0.0177696652253132
820.278442858664
0.0392273425549352
0.690933702464906
337.038173127524
8.28130294057894
0.00750554725313846
0.0445531992097405
0.0238102927847696
1.53169366095399
0.150654407496434
1832.18661264697
0.0133701673885938
0.0142344563584322
0.0523297609449156
309.196176647092
0.0660495511304977
7.65283668476498
147.599950594365
7.65283668476498
0.654503567642828
0.504854766618902
0.778546195726066
0.778546195726066
1.88284846949243
48.158679052931
25.6545762623394
0.0891264406030856
2.53662731406003
4.47631632960548
0.0173323311694575
5.17177661394201
0.0194617704349105
47.7948317346198
24.4889654278639
7.28825112045155
0.0238102927847696
0.00750554725313846
22.3645137110929
0.505093977867294
4.5621596142026
249.078003772895
129.662357528282
0.898584104403059
1848.24129436092
0.0523297609449156
1.47720646978617
0.0238102927847696
4.5621596142026
0.0117397950698934
0.179136556400171
0.0660495511304977
0.0142344563584322
1951.67600490228
2.79629149527942
1.02639151402422
21.8532710521508
0.0278233926179094
1.19863162123417
0.0117397950698934
0.0142344563584322
0.566071358449935
0.20665648668811
0.289803544644634
0.464500637438396
16.4183547457197
0.0142344563584322
0.0255676450433688
163.767064523964
254.961890480769
172.118762160092
0.0255676450433688
1.33044722020591
4.11249754164397
9.61913942830013
296.66333841669
1.34013234017377
197.14841807821
1.02783811605576
0.30562295744438
15.1581201849753
21.8532710521508
793.318407935373
109.229363649101
0.105574694196686
0.0173323311694575
200.445528063668
849.823837917171
15.1581201849753
0.0660495511304977
0.0523297609449156
35.689625875347
0.00750554725313846
0.0194617704349105
15.1581201849753
0.0238102927847696
23.6443640827154
0.00727878744621591
0.12098596032374
0.0130300319452112
0.256607271646427
1.24450565916776
0.791655443547083
2.32183350435026
0.791655443547083
359.877060300792
0.0243717292268069
0.929359964784869
142.582013724384
0.20665648668811
0.0523297609449156
0.383473559145627
0.19955541603026
891.010900211914
1.16071666266521
0.880774831851532
0.575583689044087
1.20419864951255
11.6693021068023
1.16071666266521
154.958650748898
22.053049096461
3.0492260102966
106.75310040117
0.907373094867081
0.907373094867081
135.767108029487
22.9431165044275
3.91086081637248
2.1862236855688
5.64717682509355
7.55029564325772
28.7467113998643
119.444457535459
2.51307548813811
0.880784855332281
12.1507545976637
48.4117999468936
0.32183297457789
14.8313351612533
6.19896769640764
6.58640031127327
18.8667670745371
0.954215459882887
44.7275410880408
0.802334877491998
1.00053868350883
18.5626517884985
2.84997896713844
1.00053868350883
1.42938150467465
1.1438926261674
5.72899151175805
33.6241028687457
0.858912298068649
0.858912298068649
17.6164977946088
5.35994253270667
1.36199313723553
0.184049489669066
0.853219447287673
15.042676477602
0.450658587243427
0.853219447287673
5.85464453293958
1.51809725521848
5.70073453175344
1.20670224118113
5.02582749166404
0.994441775096251
37.6010033548445
7.65283668476498
4.86311607478753
0.559165967507253
0.853219447287673
0.731245591544731
10.5986263711545
14.1415935545551
0.614695362474385
0.605127691294583
11.1908276946844
1.97658096502006
10.4007154962189
0.462391878698372
13.0021016786335
2.63410344692954
1.88174087472694
3.71785635401924
21.4749293974239
2.93806384493579
0.636261864805265
9.40117068550897
7.59907751416483
3.25511783185275
3.48071955000291
93.6926444828884
121.634844702693
25.3516242166478
0.438196159261127
0.577090753416131
204.262349703675
39.3973204755135
6.12247661091559
0.44744724179835
0.794998865739337
6.32344620717385
44.2223072519589
2.57060723830379
0.827044967211782
1.10987301478679
1.4302651927238
5.9515796834885
46.4949959900136
1.54968309099042
7.36239548582786
234.02118288892
43.6084912374395
1.68990823942949
10.7394246577884
1.82555974031551
1.98044493707584
0.410021089761377
0.476926375295615
0.410021089761377
63.2022237067828
190.984345546066
0.46422934599164
3.36360695398646
79.9860571255162
6.00012202607705
3.87209548596698
12.5412358343633
10.6726421502948
10.3915309509683
56.7550149577087
303.626083169194
8.89338856840339
0.491759730792183
6.62872659047135
4.88628518666407
0.620942797605099
1.71538714287417
2.51641513783599
121.144524897468
3.35493254902203
118.588715389639
0.959186780563054
24.2950967840173
489.353593890349
2.8178282853975
12.3848272913926
20.8181519102619
340.127666473643
36.33564473982
11.2103184408388
38.0767774145101
264.87544032843
23.2087629507458
117.132735404653
313.338172373539
145.679525810813
8.95781532679139
14.675212819776
0.271028837696689
3.67605449616597
44.0894085463221
0.923191875920327
11.707454873028
6.72749663687403
60.6161788670182
7.28825112045155
1.5217347939402
2.47540933982482
141.815260176799
7.1467020427124
0.0278233926179094
110.776840215949
256.649255299446
1165.65013612898
141.427061557443
117.389991948054
9.24851060134064
16.6711636397804
28.9385059143559
0.0173323311694575
0.12098596032374
63.3717446886979
605.054760417268
0.0243717292268069
0.556445613736181
0.304662724062235
0.766000846588005
1.36386720229339
0.766000846588005
0.672679001587519
0.912000071017683
1.36386720229339
1.36386720229339
0.88292268126017
1.36386720229339
1.36386720229339
1.36386720229339
0.470782460773309
0.679024836627282
1.36386720229339
1.36386720229339
0.679024836627282
8.17938798777449
1.1438926261674
0.88292268126017
328.057181217622
56.506950395919
1.11724099479041
0.00727878744621591
761.735864342776
779.774034589506
17.7375323869104
0.279222978631259
0.00727878744621591
0.0177696652253132
0.447580969969051
199.731598272248
222.065259711767
0.0445531992097405
349.581049553186
459.424987103643
0.393109648432034
0.0117397950698934
17.7375323869104
0.0177696652253132
143.285188273232
0.563597823957896
1850.07392017586
916.307321756627
166.878807728944
0.32183297457789
0.0523297609449156
0.0142344563584322
123.240439792155
668.261379915157
0.0177696652253132
1182.26128316949
1219.6963525569
3.05240487914847
1.61668195132523
0.0238102927847696
0.434897521681845
200.614823656283
0.0146624834215137
0.207573620445274
1.43145455746402
0.835753076967471
0.19245514178952
74.1719838061063
82.6827941065412
106.473016051701
0.791655443547083
0.374308273109501
0.86396136339174
70.0930055485129
7.65283668476498
0.0804005137011756
2.77084048349774
52.9102107842802
5.71364561296061
0.00727878744621591
12.8323066851971
23.6443640827154
17.7375323869104
0.674359229584996
7.21561478810895
56.1497793460843
0.0255676450433688
110.090635660562
14.6920796157577
1177.65190440329
0.0130300319452112
0.451467831125144
364.534991822668
1.43385368864576
1792.74049396784
139.967622592244
1106.03444711659
0.00750554725313846
14.0903922202879
977.580321735422
17.3802403898163
1465.99883195317
80.0428156228996
1097.70727584408
0.0142344563584322
73.3776554286663
2.10781565881227
140.388380198015
150.120948644789
0.180633221107589
10.9081199385346
14.095319907136
3.94985242256662
23.6443640827154
0.234162907202196
0.0523297609449156
0.0852948363302468
0.0660495511304977
3.69059999341487
0.58641740566289
2.51978330349964
6.29062264389863
5.70924679137345
12.1724607432079
0.223059191495382
1.68833918341749
1.02052530924573
61.547604877801
133.242277305383
115.535518321258
6.60785992349063
1.88821084479701
0.0177696652253132
0.0278233926179094
753.578321578647
0.410021089761377
0.0523297609449156
49.8077786336809
1038.68875973863
0.0523297609449156
120.898669979373
45.1065901964572
2.84809463584935
7.77407818497254
13.5791970723528
0.320838378253524
125.226086499361
46.1279364110275
44.6904821495715
8.04463318535867
4.06728083752311
127.439785172476
190.521924188274
2.25431919925377
66.7794732437145
20.5718634740327
41.8071680424044
2.23947401056176
11.2036526533121
7.44432305130543
4.77235187420659
78.5518057124208
11.5712408756989
2.70575211541768
1.60135862224787
1.08101207877556
0.366902432434925
24.5399253275856
3.9915562957144
17.0641045596365
0.298172888320124
3.13069873593546
61.0351821533374
4.38153784119057
2.12387059821135
92.8895356648184
2.83711013563007
71.4772520293133
37.1244595476646
0.341611325199207
0.115662081281076
0.0177696652253132
0.0177696652253132
56.3175231256163
0.992968627380529
18.428882341029
22.1623387861611
39.2781931343141
7.32445355093296
2.2206276972293
0.924256342003142
0.136870143392671
78.4615779200821
0.568492400087573
270.523538994364
0.0522223723647819
1.45587820515541
51.3192540565802
1013.56594129378
78.8146740889888
0.0918753246504838
38.8911065535394
7.65283668476498
0.0142344563584322
129.062939660237
174.623860095585
0.232509348341793
1264.5768517017
22.7990146682977
44.0939855720215
62.2088109790886
2.60334197802012
531.344672614768
6.72597608266736
0.0523297609449156
10.3662498007656
9.85372997829762
234.812248316174
93.8353153958228
55.7215612327102
299.624396927575
0.0173323311694575
596.258921563169
460.078759470217
4.35442471662103
1.0611811176837
31.1591086632774
3.30808395908112
32.7542454990449
21.5175400946441
55.2380622767953
1.83086370778521
2.41969645283655
0.0255676450433688
2.88357991830647
26.4083131363525
0.00750554725313846
1101.69857233696
1.21177041931492
0.0255676450433688
0.00727878744621591
1.15073517725747
0.383473559145627
4.5621596142026
0.0142344563584322
0.0523297609449156
0.912000071017683
0.356459693733726
0.20665648668811
0.00750554725313846
0.0130300319452112
0.448625827316435
7.65283668476498
0.105574694196686
0.0142344563584322
0.0278233926179094
0.0050754316202668
0.643667235193901
0.105574694196686
13.3147366654917
0.0754294399615303
0.432723700028644
0.0720689540101811
4.5621596142026
5.32768704608782
0.105574694196686
0.105574694196686
0.0523297609449156
0.0255676450433688
1.34335706485455
0.729416066784137
0.383473559145627
0.0142344563584322
1.02326964182374
0.00727878744621591
0.853219447287673
0.115662081281076
0.00750554725313846
0.0238102927847696
0.0255676450433688
0.0177696652253132
1.24450565916776
0.901679072458856
1.66231328341665
0.835753076967471
1.66231328341665
1.92418561526753
0.544581773561124
1.43385368864576
1.43385368864576
1.17547565401696
1.78575630881308
4.09011562838348
1.66231328341665
0.901679072458856
1.66231328341665
1.24450565916776
0.902344662170813
1.88284846949243
0.902344662170813
1.50165606462981
0.0117397950698934
0.0173323311694575
0.178218229405664
0.0177696652253132
0.00750554725313846
0.552975931542073
1.77240912765533
0.0238102927847696
0.0278233926179094
0.0238102927847696
0.0255676450433688
0.00727878744621591
0.00750554725313846
0.265373631260106
0.00750554725313846
0.0255676450433688
0.00750554725313846
0.0278233926179094
0.00750554725313846
0.00695732118949377
0.00695732118949377
0.447580969969051
0.00750554725313846
0.0255676450433688
0.00750554725313846
0.00695732118949377
0.00695732118949377
0.680797287009856
0.00750554725313846
0.00750554725313846
0.0255676450433688
0.0255676450433688
0.40972876506239
0.0173323311694575
0.0173323311694575
0.0117397950698934
0.0173323311694575
0.0173323311694575
0.462761805892769
0.0117397950698934
0.0173323311694575
0.654503567642828
0.0117397950698934
0.00695732118949377
0.309483941164722
0.0194617704349105
0.265373631260106
0.298604810742328
0.0173323311694575
22.5202756158653
0.0133701673885938
0.0238102927847696
0.00695732118949377
0.383473559145627
0.680797287009856
0.00750554725313846
0.00695732118949377
0.418592975372343
0.0194617704349105
0.0133701673885938
0.462761805892769
58.6639555501771
0.00727878744621591
0.0133701673885938
836.903999046913
12.9239733500111
0.681451004292922
0.0523297609449156
39.7062281842075
0.0142344563584322
362.956308617531
0.0243717292268069
183.653302428798
486.707656531643
0.0177696652253132
0.32183297457789
13.7861080779126
0.0238102927847696
0.0852948363302468
0.0142344563584322
0.0133701673885938
0.0523297609449156
0.0255676450433688
0.581976690978229
0.0142344563584322
497.928270503215
5.43458076464711
135.907108403107
7.28825112045155
0.469905905551648
0.0523297609449156
3.21654064332367
1148.96827781638
1148.96827781638
427.587628700997
199.698518258431
19.976109450911
23.8360392001421
7.28825112045155
0.0130300319452112
2.36105255729608
2233.27781477747
2221.21071602373
0.380318489149962
0.272406870932881
0.334160427461906
76.6568609694585
0.0900240128179446
294.325824510949
1241.84057427625
105.730989607948
1348.23553290025
0.0142344563584322
0.0523297609449156
178.551694156586
319.315900159872
5.85344989520526
225.758887087985
2512.85845786551
66.8290995927629
17.7375323869104
3.67689132963389
555.235204973283
290.441627801601
556.274374991002
1.44239786244086
17.4611936368192
12.6313058793146
77.2180501959732
17.7375323869104
0.36253000971438
1233.3406482952
0.0177696652253132
41.542882899009
0.0660495511304977
0.266280898824071
0.31308769198033
0.0523297609449156
0.0142344563584322
5.66037471894103
94.7150696042354
0.0142344563584322
0.0523297609449156
4.47631632960548
1.01535695515827
2.83469913087095
0.562467808271793
0.00727878744621591
110.046899406158
19.0307953651935
288.464985062423
15.4402245827301
171.656715104615
0.207573620445274
72.6372632294295
4.000795204887
79.6285830241634
152.338166623614
63.745840356002
0.0278233926179094
0.310933794393592
0.0939874238500684
1189.17472217251
17.7375323869104
0.0267185131377294
1.10491774930652
0.0194617704349105
7.80955276253806
0.57163805320653
829.561356526766
145.24303202603
517.488088325936
3.69910838610421
16.4969139795251
4.50648107404748
102.696484167285
137.197856934378
572.513892439424
4.83621230112023
0.283584636743718
28.9305298663944
141.684061210349
0.587767518462073
48.025036017661
0.00750554725313846
1.82905558359524
65.6806627863177
98.2115721121407
300.834926389155
46.8744035869038
840.328376202207
880.752818960385
1909.03282530756
4.58736733325154
156.916660179375
0.0194617704349105
0.0445531992097405
0.0185836706365505
4.5621596142026
2.14038273752943
0.434000343062947
0.349148511388732
35.6635525690169
0.0238102927847696
520.289751644178
16.1203010594615
11.1384761934787
2297.29658866497
626.065739970664
1.22475975340643
1.15986388175542
1.15986388175542
14.1727327904195
0.102018121253432
66.617427575419
0.309341861323909
27.5347951031302
0.673856540955165
0.380318489149962
0.519834298370697
0.306630559437877
70.7283831753331
565.648080107533
1.15749357962175
0.31308769198033
1.27942587070132
0.526804271680068
0.746545431957252
0.0177696652253132
0.740889358767173
1.34639107136835
0.293224398875202
0.416297721539551
0.984489046102806
0.627636760905511
3.53037751242802
1.26126656338833
7281.62931881083
0.505093977867294
0.727344725202855
0.443256721065852
3.77511739762015
1.11865768912387
129.588263959442
112.599619189599
0.775723076596661
0.399121264243901
1.12886394304146
0.212968101600883
0.86396136339174
0.451467831125144
0.740453887472672
1.08324001659131
1.31413290669689
0.266280898824071
0.496703736485602
0.382258435844716
220.735552592018
16000.207343129
0.256119150645759
0.380318489149962
0.563446831655803
708.938849842949
274.985148996791
345.384510572542
4.37636486549292
0.86396136339174
607.496568381528
0.777357691331614
0.394582475962827
0.491169567512175
1.11523683482648
1.55689312387555
0.577969141198089
1.04866467103785
0.86396136339174
0.136413432605932
0.250477718573058
0.162274927250914
0.877749356990496
0.86396136339174
0.625268299021017
1.10941173067405
0.818863618125087
0.453863446487007
937.812681892243
7.63190388726132
0.634313586073188
0.261962258800965
0.635503012514362
0.627636760905511
0.00750554725313846
0.00695732118949377
0.239816121755976
1.08324001659131
0.465900854712495
0.750045015983511
383.660836548341
0.513131478543042
0.337891022551526
0.464500637438396
1.41299525470629
0.338655053335279
0.212855024763112
0.217570790974753
0.323836540390595
0.330676092409473
1.25501495319177
0.152265245364245
289.172041747166
336.867142547492
0.420449721688077
4.43345476790673
2938.20733213489
22.1842088439759
7.67421288516745
26.0363934954502
8679.39493516221
408.532158972773
97.0143565650653
38.915981816563
8.19794550865976
0.00750554725313846
0.00750554725313846
0.00750554725313846
0.00695732118949377
0.00750554725313846
0.00727878744621591
0.00750554725313846
0.00695732118949377
0.41398472564688
0.00695732118949377
1912.01497397112
0.00695732118949377
0.342473953818762
0.528508524122423
0.0255676450433688
0.0238102927847696
0.354872277674972
0.00750554725313846
0.00750554725313846
0.00750554725313846
0.00750554725313846
0.721178677745431
0.0278233926179094
0.00750554725313846
0.00695732118949377
0.00695732118949377
0.00750554725313846
0.0243717292268069
0.00695732118949377
0.00750554725313846
0.00750554725313846
0.00695732118949377
0.00750554725313846
0.00750554725313846
0.00750554725313846
0.533279919621747
0.00750554725313846
0.00750554725313846
0.34567018455896
0.00695732118949377
0.00695732118949377
0.00750554725313846
0.00750554725313846
0.00750554725313846
0.00750554725313846
0.00750554725313846
0.0278233926179094
0.00750554725313846
0.434513937084742
0.00750554725313846
0.829910410517466
0.00695732118949377
0.432723700028644
0.526082350391254
0.31308769198033
0.880784855332281
0.00750554725313846
0.0278233926179094
0.00750554725313846
0.00750554725313846
0.00727878744621591
0.0177696652253132
0.00695732118949377
0.00695732118949377
0.319144803279541
0.0142344563584322
0.00750554725313846
0.00695732118949377
0.00750554725313846
0.00750554725313846
0.00750554725313846
0.00695732118949377
0.00750554725313846
0.00750554725313846
0.00695732118949377
0.00695732118949377
0.690215284687787
0.0177696652253132
0.00750554725313846
0.0238102927847696
0.00695732118949377
0.00727878744621591
0.0238102927847696
0.00750554725313846
0.0243717292268069
0.00750554725313846
0.00695732118949377
0.265373631260106
0.31308769198033
0.00750554725313846
0.0278233926179094
0.00750554725313846
0.00727878744621591
0.00750554725313846
0.00750554725313846
0.00727878744621591
0.318180494229583
305.598656369907
0.0243717292268069
0.432723700028644
0.00750554725313846
0.575282803123706
0.00750554725313846
0.00750554725313846
0.0523297609449156
0.0238102927847696
0.733972089729137
0.0255676450433688
0.105574694196686
0.0238102927847696
0.00727878744621591
0.0238102927847696
0.0238102927847696
0.721178677745431
0.477735809486333
0.0142344563584322
0.0523297609449156
0.0255676450433688
0.0177696652253132
9442.15801872094
0.0238102927847696
0.0177696652253132
0.0255676450433688
14645.5754999575
4.58633243777242
68.4536780944858
0.505093977867294
0.0255676450433688
0.0255676450433688
0.0243717292268069
0.0523297609449156
0.284329478316636
0.00727878744621591
0.00727878744621591
0.00727878744621591
0.0142344563584322
0.00695732118949377
0.00727878744621591
0.00750554725313846
0.0177696652253132
0.105574694196686
1.01182243629849
4333.01641125104
107.990057835472
76.3796969987135
0.00727878744621591
0.00750554725313846
0.00727878744621591
0.00750554725313846
0.0392273425549352
0.00750554725313846
0.00727878744621591
0.0523297609449156
650.061731704744
0.00695732118949377
0.0142344563584322
0.0255676450433688
0.00750554725313846
0.426520706109557
0.0142344563584322
0.00727878744621591
0.0142344563584322
0.00750554725313846
0.0238102927847696
0.0523297609449156
0.00750554725313846
0.0142344563584322
103.587461378481
2421.22404832279
0.0523297609449156
733.36856395871
0.0243717292268069
0.265373631260106
0.0523297609449156
0.460142582168783
0.00750554725313846
0.00750554725313846
0.00750554725313846
0.432723700028644
0.00750554725313846
0.00695732118949377
0.00750554725313846
0.0142344563584322
0.402778707864878
0.299318586067321
0.00727878744621591
0.00750554725313846
0.00695732118949377
0.00727878744621591
0.0177696652253132
0.00695732118949377
0.0278233926179094
0.0238102927847696
0.00727878744621591
0.265373631260106
0.00750554725313846
0.00750554725313846
0.0243717292268069
0.0142344563584322
0.426520706109557
0.0523297609449156
0.229044978539624
0.0278233926179094
0.0238102927847696
1029.60394936564
423.264021524979
225.2759088631
2499.30845382115
11878.4297017874
1571.05117029701
137.407990147815
460.65308175353
115.15200857281
796.328243082904
0.407161140576835
74.9398906669362
11974.4816803776
1479.62688981079
5.38161621049042
5.95724122539385
138.603337354457
439.429830718863
5640.36421149616
728.735368981501
728.735368981501
3497.48826541433
4.70537355506309
2966.07934768983
78284.5524262456
3799.22490723175
899.747175968536
5325.673305463
1145.69595868977
94.0215711336025
9.34025847790586
11377.6285684243
101.288907140477
369.204988966651
0.263643844005732
342.640459681394
1196.49860239772
1187.46157993829
91.1434224028442
1483.22409094271
274.018857590708
12.0001699150219
60.9630313485778
230.736991749586
2144.34904092438
83.8730381060798
9.67490202526325
213.060610235713
1220.59901375281
229.189214140533
5.17413685213544
406.665746319128
133.442151955423
185.135452818288
681.509582002522
203.55325105052
20.7302358525401
2995.8796064403
3.96298291820966
44.6393936149717
4.21301209111371
166.728709790743
582.71708664207
88.834118445937
1.0110965573601
17.1405104184825
665.466155642694
964.840544281863
4.33134561670219
990.81601366823
6.28322488877096
17.2652548456245
77.3567087131463
57.3629313141902
52.4077982915281
17.334866025155
33.6720446675471
1941.20878662022
13.9793755915705
7182.92572696569
834.754370254965
1591.69683559243
778.268681044498
925.08474954337
4.65159078916931
24501.1630066228
103.952892213931
0.196048171226265
142.737436992703
255.159918927158
265.419989809374
771.92664141014
31.3350327198586
22.4189307982961
1646.17512954442
2383.59810679611
233.344732243379
65.1879763690872
23.3721789909351
179.828184847618
0.567680363424667
516.09063223922
42.3135637676786
5.41469023410786
3715.85893624896
2.80799587965223
1624.19202702609
0.791529658835535
5339.41050416104
261.955665039545
0.0255676450433688
0.397823621209533
2.18474429350506
4.79126404190826
0.00750554725313846
0.576511391567897
751.862945364646
0.0142344563584322
0.0142344563584322
0.00750554725313846
0.00727878744621591
0.00750554725313846
0.0142344563584322
0.0238102927847696
0.0523297609449156
0.806095498280937
0.0177696652253132
0.00727878744621591
1.0551896997272
0.0238102927847696
0.0255676450433688
0.380318489149962
0.0238102927847696
0.0142344563584322
0.0177696652253132
0.0142344563584322
0.0523297609449156
0.747612491009287
0.105574694196686
0.294314424785276
5100.4036444065
0.00750554725313846
15.7284548844837
215.462989104765
7695.04767728198
588.757824821746
554.25575373573
0.0420038152304534
50.1079336635623
6.43100939271295
744.610884141668
10.3647385368012
4025.55935602527
1438.14804666809
79.9267774909012
165.496198125023
133.348714632155
553.902413101445
0.299915092902554
9.66495644972178
12.2963075104139
65.4147997382214
4072.88129756638
167.590147152389
1174.55521406735
1115.51382327219
1521.5249614203
44.6322100044294
12.9864295277411
179.423090950092
367.475522177876
1.90329163746306
3.56823186232573
1429.7511855963
36.8060370744065
17.4481436479437
76.4551360167223
245.785024055514
39.332346208094
1979.98974601836
44.4399669201023
227.580273690006
5.19832293484467
4.0602270236045
152.912639503881
27.7622827599524
2130.52332365023
1846.59816029628
5752.10987505441
1068.37444497888
15.6570252404673
6.95830321553177
443.280816953917
75.87534418005
266.493106297801
363.475873064605
276.471196121836
10054.0347869827
127.438412322363
10.8121096433654
50.1658916710928
15.731444685447
155.299969254725
278.741039191792
120.714049093974
1465.38925432966
1.23645968035581
23.0908617935098
62.7942671321381
2026.79120802117
398.138212025473
655.153757649553
23.8278394398223
776.139586637199
860.518321680566
2.35770534384623
0.392130258811692
0.570832335082271
2.13195664073383
1669.73261081112
0.0142344563584322
92.6807861344595
250.155910090501
0.747197394772814
1.57054041305622
2339.97206106465
227.340977886874
0.638860947067053
0.0238102927847696
417.899494046944
130.420805646912
0.0238102927847696
7030.34118371912
527.395055454482
0.0523297609449156
0.00727878744621591
250.717489038227
247.999550112584
1491.05639409825
12.4628753885748
449.524954517645
1093.24540576034
878.870584378446
54.8658957686658
178.39332536632
2119.67825543696
18.910647431205
628.812656433328
1327.38650853934
0.22026952512
3763.17701707627
24924.4592234275
250.001476037612
1737.38396846641
4.91752190750723
1234.22620917328
720.656318908194
9.72809079191112
167.959944827539
11954.9283475496
3.13794551158857
41264.7593345388
2686.50243731957
621.694206452916
119.662654574593
1546.56519382192
10153.6935689942
49.2565084623316
1733.54877292564
55.0298218071453
2117.60770737498
480.984563922056
161.341441267215
192.359171357907
149.712567319265
64.176650767267
846.503652556308
79.0903219328988
7.7545175195343
2.44836320152356
6055.77603054651
0.304756676524363
229.036550255342
14455.1143243583
292.169876502016
76.6560708273316
4831.61069284848
110.070017420565
97.4537722056136
4081.56872532676
12.4559537219636
200.113316175093
36.2463165713661
494.649082616234
1866.67578657476
194.034286993853
95.7399850416936
27.1330347167863
231.875899438984
898.61096009642
2757.19150905652
2757.19150905652
9.45144715439234
1739.44794585824
18.0033103581812
38193.1926574854
41.6401997331811
3608.25227046083
8.74932039811746
1330.99290465227
185.951722139594
109.785284686179
223.680822523789
5.38804842012243
5.64111326375052
183.343164187466
10.3585309926409
1000.89345878205
1126.48147946333
333.709513160809
1156.67011850256
307.012619118833
873.73746000843
115.192900765351
61.5853879902295
60.7313701296605
3.73290670633635
133.012686649839
29568.717054006
2617.37882139609
1581.08204936544
7.34062612671519
120.648117270884
2132.33346618772
1184.53422610517
931.038429307437
215.459749387483
7.60159159599398
5016.46408788698
477.975768604513
559.049222861244
3.28474939298744
9328.11259048275
4.70268986526441
17.5942726073119
9551.2384535981
265.774571765977
5863.37259728822
822.266173457072
4108.20470303846
205.267219234484
140.639529664678
33128.4194596121
233.017201000155
9.53361692237447
1258.56330679915
2686.64763304802
63.7509848919058
0.622830829987538
1669.27477729745
22.6648638868347
33846.3760914265
62.6296635314984
2523.40067537697
2170.004305748
155.656491418087
18.6032938260805
3.88774238226406
1912.3635522276
160.084414919689
227.406344807001
129.916908030341
367.232799937971
33.8907793493688
597.895131219002
86.2358418806531
642.77858671903
552.912511682658
552.912511682658
1581.43301431031
247.948994777795
135.371656370395
0.109260926446242
77.4394450263092
114.813241639882
6.98939204983514
543.476722308704
30.306900700611
27.2359034900031
77.3654999170556
219.083464519512
243.391442875988
27.3725708055789
311.365024517928
311.365024517928
316.643818061521
189.829879030042
2.41620570953667
2241.34299112541
1.33220141633155
162.434906058159
2973.13104398591
128.843382087694
7357.38495524275
625.251836540324
94.1259722368778
4831.52607452962
813.095480530236
799.43654529507
1735.30483426428
15.0639473470437
160.013388933749
146.761533578687
99.416330731715
6.52199815479737
6809.94384486885
98.3422011652241
2131.74543432383
141.53554127808
2458.08148963245
26.1437404913369
516.311657218436
1147.2905300617
190.182167785978
631.494108694092
33.0105047738019
116.809665760395
372.875111598457
159.381608462769
1852.53526863611
55.4988155393387
1365.55936449895
4346.16497464935
806.41302261729
67.3146575262413
1169.38741883492
2173.0159207121
785.962775509079
985.367432786825
94.622504070229
22.4255247690608
70.9935890844823
58.6059006892748
1869.73179141215
1182.12119467001
5431.68751306037
609.308270967457
43.7367041087139
381.063340577231
13241.4751876049
8431.19342157472
154.324875402643
692.657765255597
5380.79940277645
243.071312860143
774.3547966296
1667.89234146191
2173.79688938282
792.271465465376
962.160759859133
2.23653246260729
4276.06561071569
66.2225707894689
5758.75914272819
945.3633485556
719.099943165707
1098.96866050033
0.271010755052808
0.736741707667957
4958.40741974818
490.547927431983
7.61814177977888
35756.2546381943
35899.389035223
29.7846526157719
26.8079823740212
19.2473550182872
2954.2391110135
1.13831611147501
1297.59073132132
575.757170376817
1569.81951970793
549.156634904625
1699.0897245576
757.035322422649
259.310109062436
1334.95692979015
168.521877126644
1344.61259287266
4699.96280294072
981.745603108715
2691.35082520754
19.2136558242122
3205.33478417924
25.0935396600035
0.285305855558879
0.0309887223610239
3.95558552824765
1339.25369721682
11.4157782061603
240.329592248771
76.2950159435284
567.227125878581
78.2846552598698
1605.97362793194
178.262930581928
211.484436025008
710.194357247934
9.60378467989386
10.2945027170256
9288.55426914627
868.856879557505
873.562987766838
168.316352563685
18.2451705569084
37228.1511726132
12.3602645191803
301.726644882122
1815.59287913174
1126.12646328867
1216.17353050424
1.98924370135512
774.039164717501
368.702532527672
370.689323693634
1118.63372931446
611.581913650123
233.890652541747
1.82170387351646
0.679772524953105
211.551413723106
350.369098632538
138.134999485839
1.34348225832228
14.301498187708
871.146098759192
378.89434425764
4300.12180826199
3.77511739762015
1065.91335934468
2.07440935036998
10.6348229484279
82.8318658002825
3167.54666636033
57.4040438007705
5.50289582243072
0.416386434426431
253.971284032994
374.076199339993
67.9470857819745
5321.01182361181
1751.50625829298
25.0349027020776
0.0795627862032895
3.75407619823013
304.578938531213
4347.86505503069
32.2395175019299
10521.9238297447
14.1222156137723
2771.01213936252
154.844461846824
800.998930611038
506.923034603128
1.43182626123983
119.590828689761
2309.44832686152
1.2496695553942
20657.5133691873
316.508695253171
1.12837304462974
207.701650732109
45.9968079843921
180.384965758422
72.6459810621434
487.982563783117
39.2879522340394
337.362548701726
133.288741767725
66.539945422647
3978.92440797307
9.29167858329581
1102.18455494456
1105.61950623208
83.1577295942721
1148.45888200695
58.2070733133345
299.67259196146
27.349659003362
28.3051742923629
1195.20908590268
20.7166866505842
76.2246935115005
270.738791854757
70.3233178934383
3312.28516938602
5098.39948834607
14.7560257504392
1.55348204752719
10.8820035131289
36.5382817221915
118.354964373286
2.88492428130412
242.943392831279
53.3397650481088
54.2591429719566
195.804772127883
2277.34561509634
290.455475175203
429.039825424226
80.6507448769243
2175.31381739755
769.178264494829
924.217341550524
784.516344243897
20.8284998710869
6.48540073929602
14.4873856559005
266.054511048483
2605.67442115019
200.259961687789
214.831959125567
16.1829854906064
529.589461476188
4785.84713786916
32.8426268846955
143.460365107001
249.377200051203
247.571845953098
11.3543370384033
2131.89742182225
414.006753438451
2.28236642284602
699.780648440665
1649.38270579483
1897.7167161654
2763.5076575824
1407.93674926335
3.45311115276877
0.622528410737548
6801.01695134482
152.623595902682
431.465630147081
2355.14957786127
318.994952665889
30.0037010034648
329.192213411249
1.36199313723553
796.117879710603
755.235703070975
3002.59930830232
4480.36667130775
4317.29638379158
1184.83896526258
1.2349518222648
7225.80965141361
22130.8598969738
1148.34514770701
22.6765491799948
704.902130122981
980.844656280424
2.66814906821153
3852.64931390872
6069.8986045102
1561.56454704109
444.517447473139
788.130609255043
21939.7115326984
4782.50862089641
1202.32176906173
1399.0923504633
957.216455373991
608.449690413629
187.352611707261
115.213553934632
1642.18771057353
10.5520040437799
2438.61227787167
2.48506831383225
4.14083141661627
39305.864305394
695.439739154902
13.8975438572925
1118.52285420991
112.682650875483
41.4864244495025
308.528264188411
22.3703825083654
1045.19412244271
4.34967918441826
358.357407078357
129.020802323515
1477.36505397284
2.79194393875214
2528.81106517059
184.948249198014
0.90241642963603
5.71058889856606
957.295148756316
23.1493116557706
57.3897914837555
13596.1754250918
83.3867245214962
13.7697972525795
143.143594721559
21.1274197940212
662.371891091368
2.00414260937141
1014.40262641666
331.210757199102
5.84336693256672
1410.98123293635
22.5144928278329
0.339827750817516
439.111154190874
2397.54731241639
4752.689237425
2212.47431354319
281.695158465212
78.0149523212464
6.60903133962838
18.5391667495244
248.7279281132
30786.3464186236
567.603853864916
29282.856964386
146.733893888802
1137.38821608625
39534.9662796881
207.104454937446
10.6472630512678
182.761718957692
216.884646127239
15.3630295838781
130.338732924447
134.602396466491
242.338300223521
109.094249197165
67.8067787180184
1182.66981466261
30.4030728865487
365.463684862113
183.189362191678
2572.63875927638
1368.01482696961
7.31742925450338
1572.84072855397
561.638327456914
537.021160717715
9.70551704324501
15928.9213823406
1.4972590184052
330.488304103784
13.7132267080667
13.0868388781397
16626.6286227623
2.3577194899538
1.11862950456794
208.150056900728
9437.23596569559
6.24457608293238
31.3021819876511
0.0584450518955026
975.529456974577
85.4333941784979
123.602435549114
7043.18467229782
8.4249621848511
0.159829142752073
29.7424851199529
899.245743647066
1039.31385619903
355.685533948325
139.032890532851
8206.4239422724
1749.29483746999
613.562262396433
188.348851861131
67.3304946234818
0.507668152630929
2129.64415215106
0.81432855710242
7063.07333777626
2.26670647951456
366.118758748655
1988.62368459729
4866.85627902686
154.585987696844
363.812782576562
6.03732877742276
10008.738979097
578.572406627095
0.111411000151168
6.51720881495054
851.832289570001
679.488721702863
0.0538670826166328
341.562142704362
86.8593422443837
4.93675179994993
1341.70787518181
55.2055989678228
551.652305707493
4906.64626625929
18.0388829640228
37.1932612648809
59.3695477614361
6267.81413613835
2291.1248025802
7496.41649816992
15.4118381032089
30.14184076169
162.616787809861
683.435575332522
179.8364139415
2.60481405404984
192.771833444975
30.4320830678278
6.20700820008942
25.2005603381288
162.251199231398
94.8800800079767
32.7745266891597
8.29382325932644
39401.911013173
171.57921988481
8.22724163606744
387.709776202874
4045.94722219038
171.107876266101
4351.36447674335
0.862124383344249
8913.2737790106
6.93881833167821
2796.87579020984
422.746689871974
824.845539351988
23.0393765526909
118.529688185191
6976.30099944415
8.6817928128493
460.815729971688
0.379731112892098
1342.03424975692
1.61680712470263
43.9338772572298
59.7691968831255
1370.82254107735
6.42397704367437
22.775405573094
5.04658130663431
137.741567372379
214.874218801211
4.08772555446703
329.420008932849
131.790044565299
4261.00079307684
12.5272427720201
186.864402426274
556.241094718018
872.070517670813
95.2481341157529
347.164273964045
11.365769246659
76.7032240474129
2735.35731186493
348.196878066381
404.864820620685
127.962977439348
2060.32270490665
116.234228076027
10.251930408243
20747.6386998443
25.5639392841943
349.059447861862
124.597965418225
84.5771762861041
5317.50643609948
191.245168328804
191.684741002838
7.67034519117523
28.484330738101
0.745066642082344
248.888107572535
6.76988385249761
176.684969485598
8424.86171688861
103.946129792681
3.37636646748076
6.04707535569097
81.5575561212168
43886.7036864616
147.423851068061
36.908005563319
216.292043184974
6.80282772530269
374.082761015058
541.995157452056
2350.16917269604
344.395622841603
38.6776518575532
269.950115930994
38.5510518769536
14.6613945612809
1752.24137462935
305.488539894137
25.2131001754709
76.0984630065373
1383.83435252568
254.051014675757
10.1531796696727
287.845211644307
3212.80604433036
6.57472369002791
8081.15956983349
178.168528743519
82.948406469654
14.064013431806
953.888786003664
117.178436463693
1107.03073970245
1288.65836236622
127.991030581932
423.156452870744
725.836587418327
293.698065091849
759.358742432583
232.556180906822
298.479284272111
5.50233689820289
313.926681670838
131.642213720469
7.28825112045155
31.0485141568016
3.18559853098464
1.45606445612048
4.28080717075207
4332.7500723581
4366.30521659755
2906.45725370952
446.178084308442
99.6753364274133
93.4430465441282
1084.26129364623
316.740818742481
9051.30388427472
3115.63115782128
1228.84042380349
120.005110764274
490.425779762775
204.4745080721
427.234776963779
230.063371511776
0.0238102927847696
271.526436751085
210.609546578849
790.471613859679
506.539937441253
3.1977921221853
5.55795383877462
49.1752432388632
254.863657799951
206.077438267062
38.4839830220392
7105.02054823384
49.2848600568757
134.989569628071
15894.0699067267
5.78033149690744
4.87636584017292
12.0973372097152
0.201573806104632
36.136526824544
1.9347600386334
650.572566597252
51.4628790510563
81.6606824863534
8.2940619232667
16.3009912920316
9.26841335928702
346.208239251614
6533.73312914281
32.4439301373044
37.0004204395178
3.96182440364779
183.944933361798
235.058239348636
963.928925004716
0.216662100302118
621.597178995504
1.84485133623748
163.830079709343
258.972849931107
472.045493581594
2017.86542359045
729.922283120477
39.143157870834
116.983905494636
8979.08311369121
5543.82578415183
143.038930760937
1842.69764307544
17.797001803936
323.218559801922
132.888640763229
1478.84501699406
6.30997124672816
245.571874291072
2.96853292121581
139.092545381207
1126.342110719
1036.86676361439
1.72831957507289
32.4924893804454
4508.64753690918
1801.03877735564
11977.5400875819
59.0148132633111
723.476253441463
820.781617256255
153.414839304929
127.481965475169
915.738687985112
8.67492787366334
1030.94903937916
19028.9470641095
579.136197743825
193.573986166792
225.384664647468
219.986946536983
153.151445201063
98.3676172840376
472.341215081738
501.02532252311
433.577187257072
445.780310169307
9.24017792709535
422.245353694458
322.268616735607
3.59689865316064
0.0891264406030856
0.177712655147383
1337.25748684641
1.83808709239262
73.0853767727411
471.883581699784
256.461934401767
237.83890635468
1.55518317601293
193.298976664672
241.706035662994
20.4831124647412
94.6729353484227
720.368475497015
727.365848668428
13.2078206093462
2424.08231506649
518.221249432387
65.1325601217673
7154.25987347438
5323.11907529334
18.5263589618954
10.5567205583293
114.587591806138
71.2770773700273
0.0744370839090076
176.038853758442
2.60931133575133
452.897012057117
16.4208656705211
3.52152300988514
394.735915894383
81.9176174330033
530.870142447571
3669.42299251475
21.6111126341025
742.248409919239
3655.74868685836
8.42239185754325
2.43031059852643
4295.98814528908
19.0663739574685
148.04890731264
30.6137157395842
2136.48934042529
611.445047719992
3098.94533107038
6.93842208861453
0.661226927852605
125.819265272087
1553.6716414275
514.384922283998
119.735266666293
3.46755786552269
2008.5937477749
39.3950431512707
142.104566327474
0.0142344563584322
2411.94467721634
329.822399734529
0.607397191065539
595.543233720658
28.718990792191
76.2345671927933
1040.70342703663
1633.96483476164
37.2033100236335
16.7282747423519
184.687815346487
482.94480617716
0.129692332109084
144.138846093583
127.287039477859
14321.3449498658
131.171439559468
131.472118123655
16.3790889567172
4597.21894813264
407.927860679515
46.7434878889154
3512.3069346937
31.0948929309861
293.854162382332
309.754687789289
951.157011555804
67.2206427555014
941.984022575306
1317.26086193788
69.8417822346923
24.7473306264873
622.372561000063
10072.3398043758
12.8274062997565
2.18330632450138
18.0213825227637
48.1564371638548
903.583091899465
0.965253139924179
222.816405405629
10437.2789713072
169.890483704313
21.9395715254758
9.11563032299078
5225.33936029631
12.1397611308447
6187.5339868462
1542.14127299836
166.643008269171
519.879085178007
1392.82785486905
0.0372273065820405
589.763886854529
19.0324815734025
24.1160526231791
384.961297290363
9789.97727875694
46.0544077615259
586.170683258633
7.29082342566192
288.897914253769
257.522682161174
1022.82526321115
2925.46845195268
252.890321560927
121.461736591338
555.775900178834
93.0547758665779
7.01495201385398
468.092837837169
650.771391849901
128.025752825064
371.657977069728
2390.03725715619
157.400959260461
641.382133242822
0.143018382292464
16.3342731388636
460.646163045367
756.239562355073
3941.35162616746
1589.11254421215
6.51244514327666
0.968608510810214
4170.38483892598
0.16856368228219
1138.34556501717
68.4151468353572
0.381687193802683
2.62368351291583
2428.79406268504
10.1639264541964
280.362917206246
466.26662439016
12.0651116957431
210.244693107472
79.6501551710798
48.7981435726679
82.5610878453907
1.6065151295028
2355.3473305317
6.67984856874133
56.8601031387951
1888.94922280031
2788.34915564125
1017.16678073143
551.634538516048
67.3098934178486
3722.94786816236
12.6058158443105
50.3430027785429
84.6228893742798
31.0803844227311
12.0954340076437
90.99893210154
225.963772109264
19.4252097015804
952.190864091072
4.23933437912114
114.69301660296
66.0080445908356
12315.2140714708
53.064437127133
72.1492386226903
35.3008518864647
928.122763999887
229.816263452465
594.478433091505
158.940125116071
3.31106807421333
2879.54543680612
14.7158269082409
10556.0409505893
2793.63177530259
1108.71543695913
3.74955037003139
9.43200038753677
15.7373697177774
504.315275479347
859.948915950473
101.298830030675
1100.64105424088
25.487042077468
4.25388221044594
19.0486451789213
1023.77039609217
18.0251217077447
41.7519710308219
2248.01318425758
419.124763779441
1606.8087480962
1740.87929092199
48.2860225304885
1132.54163870998
594.374265389966
594.374265389966
96.597654580133
179.053850924079
375.867409877534
901.458864432082
393.775513392856
236.581277403833
343.305102012108
6715.42282512605
454.321988114044
60.4237027152944
2006.9182727775
0.755604016094776
35.3286223819404
139.497470617872
1712.72130691645
135.285807322597
15.3005020673622
271.380012633393
244.340818043477
27.8412036045305
2002.72488078675
432.672512221356
317.048028397733
606.485914424714
776.054694210616
18.424295719904
2.01839844306623
204.860791230572
229.059173518563
2930.49798096423
1017.5861857996
167.341884151478
127.099572027337
959.857868441221
1.10208494484814
11.7237949978622
2997.09686042458
95.0305776081088
423.070166490021
119.333930313106
0.333503979021509
890.436627204529
893.19551805043
352.965480464434
12.1650515291365
343.408340822624
268.103951395843
56.7741590713646
6.90026375017807
72.3387624496091
536.337508600872
14.0944935373919
3303.4930260701
1789.86972658788
0.582186113448383
552.467917748601
53864.5954029392
3676.38728639319
0.349316735484645
1416.00240638836
250.084929167423
157.700226438399
386.202956140644
22.6660891376565
73.5064671566028
570.007918852383
248.036414047276
547.393334761546
6539.84983824691
2057.94894714923
285.401972493139
220.423295241437
70.6533137957739
8.07622583042426
7.74721167469061
0.00837287973598433
237.679940845543
855.479554600363
2456.09907533482
122.221586409668
2269.79726219322
3.12775584073116
4.53906052502493
176.912908858931
5929.00946897728
111.976041199857
39.0887327371042
95.1742214741638
6.55719115418413
112.40883589295
0.649712300634263
5.02399787888614
232.45116570485
329.752442208883
9.71319241047893
150.548381977911
178.642269117659
9.97980576424109
939.292640029398
47.4679984885774
9.04673802726602
24.5771999224611
320.067942813928
21.7349924303979
737.527826795162
836.099162814929
4787.7130083628
426.127798980043
826.768145263539
2930.67108718474
0.00727878744621591
140.887700924176
1966.63281413624
1040.91040100922
393.733876512257
197.058653384562
125.188171376979
18.3437660653023
315.054343428724
8637.51576259209
39.9675725434752
2520.15959229339
529.948791268421
10.5775632455963
124.666388196898
4.7395931949623
26.6195767760528
412.991805608135
74.1214743128502
178.503440489343
11.236022682372
415.090710001678
197.915470200423
1120.88165976424
28.7306682260294
9167.76231362041
50.5023152279434
687.812477710605
113.488043367825
1213.10062035789
1180.59011389016
205.020453686182
61.0021561760734
212.578273692885
149.29961465286
8799.59183612459
8884.01051559132
23.1159631418259
79.8089203202887
147.163949524168
134.53964872338
1017.28080655231
222.674555852411
854.403082482249
59.4735490285831
3.69997125328285
332.379087396953
263.52040016888
56.4421601961933
33.1134611653777
47.4801669755687
17.8982112020251
6091.87226513739
302.497282868043
6067.20689754691
755.536436210948
751.071689800854
53.4104943843591
7069.91678283765
105.30079964703
197.513691574212
4683.67518332818
301.001717446648
9.75320218868024
6801.82680815588
1667.04706703499
46.7692897014264
795.181336034096
2996.0687441917
624.799456936312
0.775723076596661
10.4459978666216
5110.95542377974
150.217648562286
4.0956496870341
1740.6613976032
32.6399409128227
20.5382732449449
7262.95288509683
9.37870722289872
6249.93878914212
2120.14604485827
9.41454973935709
25.7506518873951
187.478943130759
1226.95155053293
1225.82370458947
3.29238902862523
657.84923306712
45.8943940809984
1070.76416446826
184.551590405108
56.6414106050924
65.6831033170968
2741.29311084062
1928.29579665271
95.5922458708889
223.443079232439
24.8531076283386
0.156101833513937
388.900083274728
4.87172364471422
5.00969209707455
2269.85955847993
13038.5505629534
212.987564662963
101.233034072769
3678.33498430606
1137.61345055642
15506.5169426979
369.581230038873
592.793178283779
7638.9669999917
172.764033680443
4771.84542887876
480.631085587859
2.47565786771718
35.2425674924201
14442.4471959793
20.9146618190249
15.7505113457085
1321.51242105492
135.373583631844
3.69519828531457
201.511419193256
6154.6449629798
360.017337219596
1003.10280158865
16.1236603007883
96.2930749651652
121.893400086537
628.117568510522
1055.49822628973
1140.01793170796
217.278793687063
208.003228989965
125.448593547692
395.748577987087
8.02021929723998
2.98753633685067
1531.50190386551
193.94317587165
1488.60366551597
1614.02700639754
882.424478718026
36820.035141488
187.156086887329
29.0210578168721
19.9435382971452
6203.76518604432
41.9440187788506
400.211520778007
275.440231680755
519.760156402571
32.1037099109569
1086.45114236042
16.4017796997996
154.36337134866
198.38665927582
967.186048088365
979.198350985158
6.28421744089765
253.079421041813
2625.88406560187
22220.3856664064
892.871970644883
0.0914634686700371
5.73773495588428
169.439654631586
660.499770477343
1012.29958171513
56.1672848132919
274.217406846249
24.184458236697
33.6051666678476
188.133365210716
13.5693183369294
482.276693108307
124.796037917756
0.976418071524146
387.870675141485
1213.05430681981
70.3366376058482
244.951424938268
7.55196970408706
134.971364950509
1053.53399499269
152.509816228806
278.377833572211
2319.05453469795
265.456838790484
514.817341327612
2189.82648306064
1180.44022733181
1280.12796767456
1131.97269935991
4942.19527678539
7767.53439700399
7805.47184730795
527.016230452067
108.938917776331
33.1618155850198
51.4650350519742
23.9958241698391
26.2586073902633
43.1086675827266
314.436310944593
1504.50435789989
10.9307676376678
2629.7738852112
10553.9187120469
51537.0026375731
80.85478943983
246.395534153056
246.395534153056
90.8609957624283
199.544233167886
114.471423938375
3162.04199205444
400.00907740875
503.49154137956
208.881545752483
996.082683109844
142.421530226837
9365.45335336059
432.303014933061
2308.29852546216
83.884456745248
1753.99800618465
146.172802784981
344.965435500589
2.61833428092854
11000.3390283091
93.8011929896183
812.818420132706
755.72232204323
3.74811654942893
7.30335732664942
478.586881379587
2691.83514951446
595.512685700602
2798.4451989572
2.87718415669669
0.644441899851284
1155.43198915768
3551.69487725298
27.8005988442905
2590.63776510015
289.534145141961
25.5943964219865
7752.65195971515
1992.15035566977
72.5363261541813
0.141239734010151
293.364055467982
866.846174156045
408.135064581352
128.214569505142
299.94851791209
8.98168689771263
0.0142344563584322
1.85182146276414
18.8402120432702
4980.9094590205
0.466551760828872
9243.40512453884
18.2029400510782
626.936690218134
22484.9932268615
24.0354741105166
3922.36569495877
2402.76617282443
12.0831384515904
117.136293555375
52.5730826097443
1149.21929761393
322.323512796054
2523.59087767956
2572.11021293105
1.62654805022476
1436.43960197072
882.332922724078
41.082332729843
1472.15219455483
799.780992113619
92.5075120210229
521.324862669355
223.777813040611
5.58706256443198
437.954299797304
179.66401287795
11542.2531481001
4.96428777944567
12.8798096496085
438.546514960648
1.93643117534086
51.9869425562045
24.934942920873
222.677734256955
741.049704019212
1987.07751239859
5.42261840317131
701.049730587508
2359.81942623113
4.73577768186357
546.074358294601
14.9435633640885
173.848328852908
406.045260952834
7.58932725703318
0.160492118779095
1534.45155256645
560.664662756038
0.144120461245213
157.600413812443
178.965235599469
3123.95532735793
1.21913642317312
3464.74708639227
8849.41984281892
118.566744857549
443.595537565647
2432.90156854502
2.29926045055379
11771.3161364328
668.563959071745
27.8643254277686
427.920574489152
8.87921915184225
686.893624199248
223.9722121079
110.316414882815
60.0024794737071
59.7187946569045
149.37466672537
36.2380285903518
348.136647457301
2354.66366890938
28.010960694949
5.91624989039663
2.92060129954111
122.099876024135
59.0193359758531
1040.54969269057
179.563185820944
3677.2769146834
557.943328661779
261.272869207405
2108.50712903743
93.084554396503
5610.61798982123
0.262011458915673
388.675068781575
3905.134980561
0.321088269250965
74.1173173096582
53.3937629682842
1931.06835916864
49.6073682546551
133.979781328375
1540.39025454321
123.082955349705
673.482120805319
84.7739289002828
204.254216467833
4.05367074658901
2568.94884808973
2568.94884808973
82.6680565116525
1901.29613631979
1.67622389328745
2.45140679633876
127.676886406195
5.0955545191914
206.688713525684
12.2284055802448
50.4024156204004
13.8902618029194
305.099539409181
69.0455649901399
61.6014397611572
12.7931435942824
1.17425373598893
0.0317546005511069
14.729504910707
13.908640590683
290.784133144479
185.236850343694
1.80309038137971
3.12305068349153
957.236089825689
168.777154214275
500.314084558196
30.4964033665115
149.564063455535
2.30607018589967
35.0087673339423
50.6184106418459
673.51267313721
1646.86216552239
63.812133682765
3480.42317365042
335.957794533839
0.0422506133084386
360.458453349976
1479.19514265027
2576.28983063501
21.3918996820253
684.120044700283
336.566240796545
103.515683660245
20.0279821712925
16.9556119737333
133.350361200812
4.45523242831574
2.76202577334453
4.27516035926267
6585.0532325244
7.30352979253386
4.25287489061215
1026.56545851548
5265.88293898738
1354.18900007274
126.10730242487
1812.76151258513
2.87672354005723
2970.03376324017
160.549275052354
0.120911356115938
1210.480014905
10.009091678279
228.616920565931
2765.29275763793
970.038739655981
8.23724810820094
2.77384450115645
321.360231518665
64.4449177523444
15.9350465054546
1523.98079286686
13.1079579067481
38065.7326552602
488.913414422665
1236.5059555993
197.143026649051
232.548489795567
2.72306882703145
100.153622538699
179.44882287753
2.3247756790387
252.802902735566
2201.58526072446
127.830266829168
3024.53912306432
27.2908312776583
31.7759625471638
196.819701609112
90.9346565389449
442.097961554242
0.466136248348271
4754.06374772301
68.9389395217345
620.701623767041
3.22264846904948
188.687748876639
29.3112977604454
172.735082920074
1076.84260995176
3896.8209364477
1827.27752375891
9815.7469265193
5882.18879791103
315.028349985599
103.919442954453
167.981982443572
123.92992939538
285.632030201759
802.949777070477
20.2589225812091
5257.85253100462
1382.44369419312
1693.70633116156
8.86355161494448
176.838316056251
2485.25153459976
608.920964027576
929.770933832791
151.537339729716
52.8461139540653
0.81365666081423
812.629358129911
37.2846804283405
597.772314140562
597.772314140562
621.683729855744
56.5139476064771
313.516182900639
5.76144915367211
9309.49084730508
3934.23098803125
637.309676278679
999.817096027924
109.355189822543
183.121057856719
335.51024443265
8.3896867490522
241.268470644537
0.855716472079672
0.0250957064305566
1.40601334421554
570.051182825056
53.2568325466439
227.734040608824
113.603479559784
82.9004708903343
26.0144220630024
450.811510913355
4.61011226934115
256.137449840514
383.335064745101
31.7224315569634
3.56061334879748
176.837523769928
257.617856867601
89.7152234328889
1072.21248783834
219.611877071805
351.09216478481
50.764486383195
116.908192826888
354.911027296224
1275.02125292964
194.246098792347
1024.47118896045
5.20957857041741
74.5393983825191
375.365819370069
0.663334003296392
2.6016982023937
2.6016982023937
36.5587835170315
238.653157372142
4.52762499725599
331.043994508413
183.012311611737
605.86521543026
0.303295496925621
25.78753362225
15527.0762309471
49.5344651105067
196.053878508353
4.47897299791634
956.070004532276
114.052651456139
11089.7508784103
157.667041878409
71.0384494157284
2.39487883623068
1.45552059523109
39.3479783652364
6.27297336383838
6.97431518517151
5147.39045493575
164.44160635129
118.004147029312
165.58964884499
0.320474996071992
202.639889459746
369.952141322217
64.6460452380547
45.4059488949863
186.645353859689
233.536728564718
823.580378289248
0.508139881611722
253.696470788286
1414.62064780119
59.2095897376249
0.3719901571945
184.514623986715
4353.16936144108
708.852632095687
0.513545256513608
8.61734237954101
43.2932748791663
1.12451497492395
0.447308219411217
545.261515640943
0.165184188099174
5.08470998618808
8.42210234693542
734.399138608978
642.588014841135
120.263311516268
31.8975601242052
1267.12935200327
454.368359493913
63.8648445054761
341.14067664966
16.668457137221
3097.99224976131
24.4744789395963
320.58500689669
44.0256033876102
33.0897201357521
949.835043694671
618.760490546261
1499.84475186006
2262.69633048103
680.37326617976
0.700001326717955
482.736472510324
7.44846729886078
35.0573051433649
34.1188276470751
162.749133710634
39.4224927269726
9.93569777375053
88.2157066766806
64.9172852739407
269.791740616612
10.7774976381456
80.4802645583876
110.800938153803
53.6415665920676
96.262472999416
959.269997309647
19.0385714073681
61.7156407104067
61.0842395322433
7.69084452917958
3924.84256360606
41.3008349466589
100.729778905136
81.3546343795726
44.8950817405064
1976.5138973299
3964.8586565769
0.620401008394901
103.842818216859
16428.6892035129
1444.87154149847
0.560949714156656
16.2632122213218
1176.52375673764
157.885865652922
5542.34555918685
90.7188315390819
18.5594204072814
18.8904412878852
35.0171269921703
3.90183519762986
10.7978688345316
27.25669511539
22.2566194804635
1041.95843247545
2902.60185873829
43.9184187875565
1401.35260142046
710.219399062131
46.5491769705965
1297.28917027858
2383.95532794375
326.966276017392
215.225976444189
0.0106414883927046
1559.51783156324
0.460783484999218
59.3038469399121
0.320947432413966
1104.23034266998
1313.62009996296
91.2248150383719
6982.43058007342
182.073389774736
0.440812028625335
0.474523036307885
1.54327328847193
699.599805323252
1327.61764632011
1271.98392759954
123.912683080184
8.04478934711227
1101.12857799367
4974.68428824376
14.3000709509366
129.377315282767
914.003254416021
31.7812909013086
172.113042325105
211.659050369139
204.140761855338
321.301606406717
330.039566265509
82.2200954496124
163.521362473017
15.6839267300446
19.9133347108739
489.755272178097
13.5209255280638
890.221141233027
665.683290434682
30.1912426740541
525.971110083539
57.2953605538836
0.118320187108493
3.31698559991348
188.341963188863
184.495052270393
840.235434284006
7536.54632706081
60.8494640471057
333.41487478305
40.4321225519162
1027.74852689421
2.45082314679729
4.82584034531067
33873.955911143
0.361680263289004
773.398014071004
263.489588838414
76.543828528003
125.809395488905
1415.77418918281
1242.61839051727
2564.63732967657
13.6041175627368
0.440410722841351
563.75637829343
155.87767347563
819.461147864603
4495.06952465135
4639.73897803465
399.615010369762
520.0297610548
355.102434055834
12.0795890201999
209.257980218038
14.9370969412727
107.712430954408
336.362157811422
4366.63046426678
487.459034199098
200.426077309849
174.618709248252
775.742686844786
0.28535490977124
36.6508702918207
442.091932906889
1415.72707294923
16.8994566691036
1.10360324393689
269.864711073879
853.547912855364
1246.28214859832
1.11624382827548
35.6747899389155
0.0699414261758398
2.10552016289412
262.899079985066
6267.95855319004
96.4439258881585
47.3575905995658
25.0307900628523
5.65367250400337
2564.11708840031
2545.68617664743
92.5838732532965
15.1032753902325
795.559854619348
190.766479327173
8.63389493807829
75.9652103665583
1069.27288251939
1045.20291293599
1.93116510884593
387.912866459496
1085.87361580551
2920.96973847323
659.862844698282
555.936226137348
130.954736752808
69.2090657420912
6.37917545580136
2.44043940278
753.225107849776
316.128786551423
5.13601741081718
226.310499231293
183.19305865483
846.609005359895
405.374922159039
1076.31608839726
63.2563879542379
165.015437681043
74.6771040105722
948.711653070522
37.2025808492269
2426.0803702062
10.0589338378786
172.425506962263
279.134246727801
56.787864300542
26.2191571159414
3.27742619141612
24.8021962321243
2.46684548370572
379.606449304628
1256.99251268934
160.10215928404
12.4200378910714
0.179330489197653
4569.67684046222
1169.41018427683
268.274198058886
883.127005652588
889.204364418347
201.958216550195
16.2050685826816
173.455844024917
767.632609682589
315.504642466755
112.544368122573
24.6880541367305
0.00272205638199807
142.76968656048
1402.98344678501
2401.79512805063
2162.5986718402
2.9041939362376
60.2666004742373
280.22151233289
124.394221974077
1558.45078115003
0.232547648301764
0.0753940426059105
39.2413813406982
598.72067032492
27.4060891962947
120.724813144445
171.828236207811
13537.3743844536
14.695880671179
603.544333397622
17.7222916963052
927.480212382179
39.8343140671652
2566.53242941849
2566.53242941849
2568.00716026567
0.530015767515477
80.2286298668153
57.2105023310263
132.796749352188
261.51296869811
3.29609192296385
579.385218982523
4.57256935051929
149.528508176012
19.9760500875028
1547.75842217044
673.245210895487
211.521404270118
6.34537745015464
44.0919906250213
5.12452115417864
10570.4418993726
27.9189121428285
0.0791230041129203
108.455468758755
2205.06831282069
1241.36250096256
0.182841088918799
218.559940580746
41.054128684144
7500.05668343118
378.208358576521
2.235535984299
3661.60803037203
7.10492960262272
13.0559732112056
1083.62100481182
447.287245713849
82.0968634518063
294.129626518177
919.172295405473
1.21215667571521
917.890481045416
250.074436099573
1206.3077407911
20.6534899075212
114.171742643932
10.4664741789303
1431.17013295712
9.4251037569104
14.6116485962541
6582.53029363238
159.147051837776
15.5237447472417
2205.40959880869
2390.59880518097
2216.78477078824
240.424591359703
20.6452993373956
1768.83600693549
13.5626722570907
2151.77061256912
2144.87676549524
742.15926888049
43.5978119077768
614.707482506979
140.412948345303
93.4038019625376
41.1138189092574
8.21885452286116
644.791684394989
599.441748887659
404.809158541208
1375.11801891223
139.359748738898
6.10755068587086
115.970140411238
578.9464333516
107.549219273357
588.228479108244
6.0977821472145
255.087607839234
554.152230933055
170.758128476895
360.958899960078
155.98743035594
63.8395906573284
1168.95314551233
2398.08526431909
1.5334144685969
2187.54691003853
1961.69200260861
186.986550703769
0.69300256882328
2.84419868135273
273.277536755339
2244.02056957761
151.279659993084
14.4887818110842
1.63270638222278
6.81482367802765
170.541176167622
23.7719895753621
2293.44966962464
2.46153086789855
0.250477718573058
25.0421318402118
42.0115084639715
157.895295969578
780.630147811038
712.952041166539
2516.21971543147
2.6016982023937
0.0992184933814797
1997.42030582386
3750.26050674547
0.68710639336299
211.819199693964
328.435462788823
2015.62703936878
6.69367320452325
6.98763223979529
8.16794723915524
810.364803727689
15.9914507591272
18.614609533324
23.3664777723263
1647.20838039244
119.34659851059
27.7741334959221
5.83272695829357
1707.28676116553
451.60961009679
18.7396102429283
6.22448201159252
8.31498459178384
111.510575902319
51.8001215553857
332.05690774505
0.458030170220783
1239.24178250473
22.0971751130609
61.6604515532438
73.762028573918
409.543553116002
480.699033660436
582.430873735937
140.456056457489
4.45643342221304
47.5010377772836
398.737963689186
84.6869876459603
538.590626385827
665.88357537082
19.4342518086443
21.4418166736719
413.661368888024
0.300640182019668
0.795856567547776
1662.85662971422
13.6866494579051
4.23433870139395
2448.76098622684
2.19547965989196
1.94913552716759
364.466260804032
637.696087093264
0.0651807210509505
202.86993521485
1388.43683219736
169.55397189811
3.29642496795446
46693.5167842227
247.36463390545
227.040615274072
1931.65384830253
159.391577287322
49.0918164435781
16.8289732259412
2331.00582144778
823.139728419674
1383.30427357337
226.645902360489
4059.84151810055
83.8336753104998
7019.44456340098
34194.2004827893
1536.76847784996
960.27553985688
71.4670741483821
190.999187247766
10.4167431106432
85.5947755149818
5.32397098565756
311.896996976402
0.484342966465257
4752.42093352937
7.39560486779833
12.2745987360914
8.80599591279855
180.777003196699
768.846261780804
8.71025093566141
18.8101270326683
3.97932810388185
633.540642846554
269.827856808856
90.8964710693746
35.1337647601554
392.376157909255
1096.33725346467
253.024046441006
356.872036029547
664.554552048518
7.77413212728761
114.493548986342
551.950077063278
127.019221765189
4.87635056687572
841.197268869076
669.623715189607
24.7168906884109
2893.44180768322
1965.52625818426
7.37209651354322
363.103335359011
1298.02754459913
2357.37694456706
580.881913436257
289.788690388788
3138.49500000768
82.7982935653996
51.2535630721732
36.1579487240217
0.123102129191003
279.431957223054
8132.48629829004
144.712947772352
264.406556278411
314.824205048704
913.217079809698
707.308625558439
30.4514580593912
1.33175631368954
4494.62412726737
1116.83785764602
3.16237665261541
43.9903675307379
4091.22142186125
134.446962636613
81.9224286790854
49.5188869186482
1231.74072811221
41709.6559299344
225.97239264595
0.298725643613061
498.860855042155
234.389464090453
533.726845831803
49.0290053339468
2.48990967317087
75.5719121931864
47.0944883713687
45.1405854893398
133.74389283618
0.119307659383588
251.725067563468
2076.01886809713
2083.81407820508
277.02869210493
91.3743759462383
546.18676469253
87.4942782608855
762.178059439936
0.821907714621621
161.493245973956
46.8743032562529
1.6490436801751
0.373576580914924
1113.05528623802
51.6618755631754
675.06317351463
657.700920040141
91.0604535086716
3512.15256024098
356.65666596799
8.38616309405864
108.304559450111
20.581889228679
30.0736823437718
2601.77181866953
902.100192924169
613.955958697194
10.0657727349059
618.024138358046
76.8223504432543
269.703607891269
63.8408984164925
0.0621401864543121
224.569431898324
225.056718974998
2947.54775980335
133.090330845299
178.980570155887
226.830293064485
141.957796921855
23.7957220192364
727.438356948862
242.367917726239
123.519150782816
95.9548842368399
55.5404452320174
1106.9522714189
964.025478917598
0.00391654892616233
3.71354742342838
10.6162299830454
4.07647573619742
16.2062877436786
0.473868166399203
178.731465394583
31.4051506183176
23200.3760714235
248.501462428264
4796.39074064754
514.917248188444
24.6408371835601
11.5211355999164
27509.1028535213
18.3044600571184
709.380274758994
136.292837251205
4.68478049515612
0.199519649413539
0.199519649413539
393.794803992367
96.9583432543502
3.42176041461274
2.20373280956585
707.715602757796
16.0015275051086
2610.78539491753
1216.5113108684
455.983380458221
295.790880515134
62.2196872280768
50.5628870544366
3.96590230342941
409.027631281766
2716.56852149408
2727.08687902884
4.72065209763083
39.7919500493697
0.618139460064079
6259.1153417607
724.083887248886
2.42075500244961
5.05150286920593
469.567749331237
1514.11550096639
847.687567694581
14.9956435168588
31.0883467677793
174.686528665673
309.823688519578
2957.9677647984
3.59177829195678
19.6668730252029
566.130126306096
1361.75219079075
2.691715419411
120.236298063978
862.653750554384
1.40805302908793
0.651022531682359
3048.59304492886
1007.51637003665
5213.61317537558
55.719387422403
124.951206699986
4.80978691224359
25.596892006193
75.3982380450008
10.4058334954715
5.83915078692191
194.165121352667
529.177398289562
307.286214013442
24.5715390911457
252.515638719344
1136.91528725791
7045.33744094671
126.790750538836
36.0190872275653
1521.10292586798
1661.88421568682
9.97326711605583
344.489340038341
221.331144543392
1.99798315903129
3.94221423089755
53.9470510343451
312.206942852883
4892.10072512881
46.4056512344363
4594.42999236731
215.879476923384
17.1627409495227
738.928324760942
53.6415510846169
564.108619070143
688.063993355543
64.9918073600608
245.434149905574
519.712034483697
234.832589018737
1257.08710869724
1424.61680650155
0.508268747012673
6.30101405925825
80.8392757931112
18036.3357497576
17.5306449492385
1798.78734137517
0.107291467903708
144.824638724361
7.289359350417
143.994799830571
0.453798894346532
441.81563673892
1689.09903265509
63.7344842186163
0.917950363729439
760.693503666528
127.79329351465
440.092300828248
0.0904255807864849
2802.52360355091
1247.97018761224
135.069993016096
127.724385593664
164.790884617447
1348.3239441662
1242.75559803243
48.4263717617844
675.160527646275
1475.38670839241
5.05666113151494
1111.02396158483
366.239555142645
1467.24239660348
13.0243375755221
80.290690047863
269.769996771846
27333.2820863227
3.9208701228374
255.950574906514
188.917690690787
319.357214296115
504.554054365933
38.6057062436675
17.1912094896918
984.805355088625
22.6513299547618
27.7397387709348
69.0963208990364
11651.0056821767
409.227723127625
1207.00384329326
4.02029483414873
13286.2762008813
0.0050754316202668
39.1516620560275
262.074344686655
3.79983850321223
66.7410819574463
4750.67906157158
2859.76586692014
637.032672217483
23.4216489611971
81.301512258119
386.586940550483
1122.50722601843
6.17432633722556
1.56861125364825
9.230850515788
1851.869332383
178.70620320907
27.7234032552268
9436.90873464257
3283.62094081859
212.025021073821
520.852813542238
8.13303874618756
987.936735929257
1795.43340900331
1028.64041343211
4.12581401069565
6712.17996972961
44.9631642582178
3.37298522195204
8582.82074410431
3.87048951667579
58.2866325646803
3640.8499377863
461.795048295659
1742.94643460018
24.8676957931844
47.7798278929522
0.232624510792403
150.287692013586
956.847329424606
215.711860867228
4967.39749707415
167.164744108628
47.644821500986
818.560475870113
5.29690175290229
1511.44895007758
4821.76919667014
13.2396982600023
405.760756402348
14.6799002696662
118.721419990425
516.286017421111
970.278465300777
6433.87948572521
182.485564247395
21185.7477529568
21.3045553646634
0.0734906518658305
22.965189993364
915.479190727253
1419.93826233547
396.73377168094
892.719880353664
74.1758019889794
12.7609232528057
45096.612311851
3803.6822952736
54495.9822377127
5613.25474682029
4159.22146647454
72.8621307911422
164.162784240282
163.694071836334
43.743955000563
2100.40761456553
5528.11693179129
605.21616993856
6.38176584988429
6.31692530742801
189.166490641039
89.3976104388186
89.2787666392868
11.187554392189
44.3292664546574
2363.6688380093
0.496897949613756
175.136410231606
160.156189285953
111.210495398213
0.796534190144592
16.923015435865
52.9537719502535
2284.59146310175
0.0292036516048391
416.468766562299
99.4186736511288
141.498603194278
0.0473996876277059
312.169936106106
25.3882238367059
2371.91421268145
78.9540810342867
1973.52933509524
1823.44730621095
19.0388423179505
27.1959076643857
3290.04855108011
3.48443928951733
4944.47227435114
42.1293370538595
1435.56014805763
249.939494484901
63.2906775979175
184.955205988198
3.0556395051291
85.6162693918932
53.7928687240444
20.8631276028185
1513.85653779356
19.50187913991
27.1137520420671
2830.78524202837
151.387318745113
1.07944138264765
115.123897769496
152.628138583692
19.1650323668667
0.642851350807438
190.949874057395
19166.6121835022
135.079424287139
791.08325088432
2324.2019567281
54.081794853839
13.8353044631895
28.1775957558612
403.010607001793
21.6682966518598
193.660590256845
1086.612704587
96.0069418263052
181.25127105574
0.114226789880119
4.00239955315138
9.65660535979286
1176.14069423653
156.909987356881
10.7361448782924
1469.30949795503
708.073047251086
68.1908725379396
123.787085376825
153.160835420084
86.5274498554381
255.150107220109
261.478416249879
199.370736274611
39.6254486587244
502.440076058291
80.6723778919465
2.05316422759378
193.179835552366
6.12651199038416
621.757036632495
126.22150876532
1003.93611133577
1227.05940765493
111.829844198897
61.4747191482125
58.7681788281054
1268.53650142298
2581.85870508781
415.335242571258
170.225436022303
1.09578444040008
708.573185192874
94.9919744684836
5.81939901624376
2856.15743595737
150.858505344831
37.6502456874491
1931.27744854992
2512.70402719011
1205.96434660613
4955.0250169436
1034.34646345501
292.913322283404
1134.06343982153
269.396844178801
82.7231977990315
82.5319940955502
387.060223804301
14.6850828615869
877.193595480535
61.4409500213089
965.19134444531
538.453182877426
285.516208755962
21.9333161210389
1084.28683413589
434.39079587265
28.8810586461103
136.16632787181
36.4916483250781
4063.70352623367
30.5276986158976
0.24437701196496
269.225309989827
671.99926181002
225.305915199556
0.238200225392482
1192.5835454905
0.687452912070519
3.86682070970017
207.958587894957
3.01047000340151
1.28396774038778
314.572716664909
321.302021251035
346.840152129155
100.11199092207
2615.85207135642
15.5657382321881
7.18152118454186
290.724091601277
5.49592994878872
21.5423752928869
13.547861508428
150.274548676163
459.763709517704
180.35327888087
352.705683173438
547.156540932371
32944.699215047
0.0469397998712704
33.2614874585373
19.5738533560769
1039.54940729353
2.8786758953317
4.17442331728628
2509.98154191705
900.740264669754
37487.2318199734
37658.624639456
1285.00939273537
828.105258353028
629.29153049555
331.447619361752
498.561848973723
25.6031138375081
1770.93004568397
369.273894914428
604.191391900404
91.7832557316612
9.42288304453246
651.230356652297
1876.00411265759
6493.94551854957
77.2430777396616
5.16001653250724
3746.50251677639
640.251525720447
19.0056427242026
3283.57711355996
549.565826068945
345.182366397389
59.4964019027744
935.347428224531
32.1281554709586
0.530801403327317
793.113731067942
21.7952466518393
0.9556791454101
184.106953157048
407.11693151036
189.93411296783
10292.749036914
99.1230691209996
30.1964339137017
913.097646135863
154.097907024413
238.502729704653
2812.70970452169
330.129411445936
335.842563323341
84.2826738388383
103.217680340915
360.877909766432
2311.94706983278
94.3934222899739
403.602385144193
754.36863290728
78.7686912324943
13.3453564753762
2906.42057269996
2153.10938685593
177.5241855244
481.738164568901
443.616952052973
653.052830548217
46.021555389096
4492.25881022002
325.575955406272
15.8924052823733
732.751481806525
7.38282843427491
2576.8948801609
0.0123959651893166
18.2881946353508
172.913552978189
17.1875118130314
789.965168407561
652.615358083827
19.777201969203
33.3877376912647
13.0540744838544
9711.13315423962
273.930092348559
3.58369391391016
7.90840417898816
209.662826938616
679.580527361196
0.428603652298843
17.9823658466507
12.2289724846448
292.63288291742
33.4239972749832
2820.48866508334
232.721806193162
1489.31233088868
11.6640516745334
22.73091182835
45.672093688785
28.4122050407226
0.785286638028125
1276.22688530451
1.79706805497047
4768.22112641539
4.94519926293771
15.7910791878911
32.9170112342348
1695.62126812816
7.37492952748561
116.273252340507
934.556057439067
490.222912612092
1095.55917773354
26.4552297727278
43.8201702358576
1436.47978191982
1429.54020591344
204.509412453919
829.723790732209
0.363895710670453
228.424140831188
316.992206010431
2358.73743030512
9.94803845218209
95.3989294996032
92.9425827559673
54.9990816897575
630.841933433922
107.23592678437
1.89413421848356
4925.99527997886
1132.03224202546
264.173423033774
29.8478438504618
0.969378887972093
443.790082144279
7.63664031430366
4.28278293540227
2.34466070813588
386.896562053257
14819.5359925591
742.00285044644
984.653179511134
1528.87833453768
501.254083107245
0.0490656621171757
732.463174447371
1842.15407355454
92.4910611761645
1006.55343434831
17117.234716935
36.7343609210159
1149.30029599672
0.0897262437136146
0.0694179424787669
3.34507753778962
45.6178522403592
63.768276397439
185.117666950163
0.0711042785493048
7.50831008713153
9.03908630362299
1.80558167891333
1497.89995599031
7.60415562721636
179.698651109763
850.043877389695
1228.18486107914
126.910744720882
115.375292783455
84.1574255931365
41.062063645014
1343.58561018978
1056.59051532513
27.5165005310886
1.2799917059742
80.1503673866807
2.82235501197578
147.021011707563
474.339732185314
779.196429442859
226.617162369859
145.506845023621
363.310664649227
206.591481744132
450.244649775071
11.2766706969892
16.9385656220406
42.1451916363555
120.768841316654
0.221865664673135
1312.82498157691
2066.80045168346
5.78451324925654
307.446237667604
51.4029216664584
1.20983838906572
3952.60980620956
17.5833640263089
197.055687116986
235.593514178594
5085.23641426781
3812.0809522024
160.077195787481
322.698261931504
3.8402350051017
2811.64116262713
25.5320688958221
971.394369999391
1064.19725212422
1081.67975966744
43.239204959975
1330.06131435147
313.854291040203
2.42795408894895
116.756615594935
117.209222726905
1.49103785411704
312.161690135605
87.5578321113838
80.848387382937
241.215308828715
1333.19970481882
61.2462236455894
71.3008875964508
1165.98035007007
38.4864942528892
6.38492100094479
1903.68529388326
498.216006610628
347.000533614977
1131.49147511593
1.65498767195208
250.360556958075
19.2500284176816
51.9680663958815
5746.12320210417
8.81018672343762
4129.53917044143
50.7148911442676
288.242197232405
265.818905579006
236.993104893094
151.044728624551
375.506700820661
45.0355690789587
1100.91844096087
1.72915644306286
119.189473334089
741.543123548223
749.084351360749
814.978501114891
2402.03281180775
792.001701881149
12.3411961754583
1463.5909390606
0
374.820428605346
10.3166080833544
54.2912544111599
434.223981256
71.2047817981981
0.0688225140824019
12.4209123895123
567.977737636015
0.176668538491677
360.983977905133
28.9863075249149
44.7512762547506
1.14173804786843
1.09975685190909
269.381187838568
80.3579472840132
1009.30160041617
116.546146052684
641.835730688968
99.7922405904672
1835.5269966186
0.010593656865058
22.563370863709
0.0847147009729685
0.229996163548563
0.658740138339845
147.272845400821
6.15384812529033
5008.11049330678
4846.72474400278
30.2508113926916
1.11734043148476
596.29939627438
3.41806848840628
457.812600911305
0.508195942347277
55.9402957924414
5.09135539694434
115.390567108659
95.1998199918177
132.204130072935
182.854525794818
3.04446152038763
10.5020190958979
869.936194185169
161.720890877344
5.17792102904641
431.90367248873
47.8739259159699
2.5484859585893
2.59327497113767
156.349683950694
107.827767085026
46.2213711827249
3215.09194447809
21.5537991859692
0.867148926866465
8.13117406570613
6.66702741335951
1.30154934078516
26.6949526764625
5801.60779247325
4.94104464928484
540.699264952086
1971.54265467577
128.994752118832
178.080359631366
81.8979593409373
1390.59812411687
101.643161261641
14.6529858129077
864.607854814488
177.572170071406
2339.41765649026
1.45153433450748
235.254142072953
418.121073685287
13.9609077016322
1.8099581937259
12.7586748869918
0.0811319624060842
434.478887404235
169.042578644281
11165.9806911883
299.445666784473
230.528295648214
1.76326982484104
31.9593841274317
301.996332438885
11.1264492194142
241.088112813667
528.303124418139
3.52470332438916
47.8596044483302
4624.02547042159
954.916222951525
2918.08093459473
2930.77088953518
1949.26062195259
61.1276389582771
2.32211992785719
10757.4444303264
2412.67493596599
422.732362137971
146.076160556566
51.1965705989224
49.6063838351929
1024.61129072581
2971.91532781906
220.341862136313
83.3058712695918
463.202446622781
0.31225704469684
64.6262767524446
1.53123256368491
38.2598749258422
807.960286798309
3.96360893200298
6381.26323077539
297.95559193634
632.986479090041
5311.71974267666
939.405067929727
939.555063895061
3.38007475498883
2.3299278733252
17.7000446544631
9.20037805553468
578.693935904444
48.3272994409487
366.96255921263
8.32978437937526
31.6391968938484
0.281144385447347
0.0174840370293081
484.445800827512
61.5025846245925
0
1082.68289866353
534.304565849988
1115.49337383325
540.860302813375
264.080846706261
5.35243119672475
15.6423364081793
3472.00378526121
61.5354882293036
99.6419034576533
671.328122119795
11.5179312013262
3.5921744721478
748.685281308069
3.10325534843983
0.0152157244639373
148.151161924821
31.5354272847577
14.1201412171899
297.393325727088
1.13466665306882
1533.3719131282
134.617590940376
192.635762564946
0.0554859994642967
25.7503701464303
229.413370899176
9737.68449849369
5.94438343270949
124.839254141543
3475.7598140389
143.027157807504
0.643402133522301
3.8463322010134
46.7680388421909
128.465593572773
1246.54691611273
177.537088394308
25.4426532754886
18.7333340706102
42.6961150127134
116.254280705787
2601.09737855532
9286.59645355393
99.0731233581822
169.249750146251
2052.4859090033
37107.4809785004
860.754149206333
1303.73546477634
1189.78137919998
2920.52366181711
2912.77559974519
2238.59445092686
0.249314815547655
12022.4179259054
2885.57057003609
17.5326621036683
0.733868561164977
9910.76213150248
876.761234127525
122.270292730874
1557.2233340688
16726.4182554037
8.44495427563102
957.53125800187
11.3000832067289
260.417218019455
24.7019313477576
1160.97514715998
172.023987079064
2574.95952701939
136.603485000174
235.421817698333
54.4453083272712
326.096041267802
402.513772145282
34.470483204019
514.228858393485
1864.01914122611
10595.2759972261
3.16351135380024
2384.19770612707
32.0286049451946
41.4415216808732
141.577485941755
138.45483145027
590.696216861563
105.452784659424
95.2813188912486
48.7366419843878
534.727108116971
184.940179695831
7.9955223429029
191.643939033757
0.0125545477567459
495.100111848574
1129.87401006934
41.6123685341543
370.629409261542
788.520048986193
1054.28587754392
1254.18367350498
186.696451182267
42.0034728772514
1837.97864525018
37.6313624391826
1570.45284532929
0.0236501585789279
0.408671180528711
0.0217875758384438
5.01869315034313
53.8045626482035
190.762756179669
1.77752973991111
48.1197117684685
88.4366742233332
110.876195655059
13.1837938038526
218.806932089216
5.50386651838765
214.00238063219
78.3142846505679
16.809876832801
1.68921538306157
2.94539400614208
40.9930835799079
61.2640325598346
183.296018429809
12.1579787173488
236.015658130996
165.352177587581
593.33853249194
227.999768880822
0.161379317546446
278.850836729439
0.363895710670453
49.540104242915
516.030101846457
529.787943120368
11989.2019224988
34.0414731293051
2.60931133575133
514.802981456056
663.63410523246
663.63410523246
814.740930799327
360.339847610051
1159.43849398961
25394.4708827756
0.781683077240998
0.082442867031542
338.96863378851
0.122110590975335
313.572193024776
379.290121336215
132.09133865659
2495.35649859546
199.735261636355
864.35946613795
230.963406419819
435.003578461292
94.4138688249758
511.278185182172
24.7270925238791
9.22875733639368
673.715851861775
2240.53889212821
348.277470075994
1005.76983281767
1590.41541497939
1442.94946560657
377.706882838272
165.003956393879
75.8988168091083
42.7974613756611
100.311403405875
39.1045776067343
19.6913498148505
1796.11953351663
19.7138789874425
958.799899851542
198.449180207745
0.746545431957252
1452.24040237244
840.982826742666
3825.33056725266
22.2812005735313
41.2132820681976
2.79063492499233
9926.10557827326
244.780605195929
44.0888419818044
395.110868901506
0.333420381371425
0.0825437232321824
87.4941316881886
12.9868065996742
2257.97265074427
19.5501480095858
0.580374998397335
0.556170914337139
1810.65206450928
2446.16198731443
6.34690024142242
410.608440596262
2832.1507504167
478.740132384976
204.286927431476
288.023046248327
540.884663128403
233.618961837754
12.6620780177328
589.353315226415
575.058461437126
1205.22443316997
54.1089193366178
492.796348801044
570.008906611629
378.75040563038
34.5697406128207
798.132655377735
56.0448273191011
22.0567224810496
144.758374658711
18.3515204165053
0.014686693703948
141.43625971119
3079.66759589177
1080.2698508331
22.1411573676967
518.625630436133
480.007335701536
439.197267520016
62.8044300006914
3125.47429869708
109.676717203137
379.384922586937
104.616989906958
42.1997348315561
391.277236433281
1131.3126103935
229.875134527894
67.951023337091
39.8630880478158
126.411927013337
1036.93009905382
31.7419301472315
505.793467763945
30.9503063550402
2.82809588001641
10.9311218170349
490.550112899245
130.555893295713
755.847896808023
2432.20363182981
31.9048385562484
17.9970211143773
45.7147528263837
131.9174528213
1438.41108605666
165.690001330502
0.0820763980418553
39.2323093846552
223.704766441211
384.863301476116
252.138627879372
1041.06822123401
485.369003597567
47.361556466373
895.079186748505
1274.1656277643
186.930289746505
155.960399484052
3588.93620782075
83.1752435115226
66.412145543447
4077.67180463544
393.440879337679
498.79786926347
2.26106853716763
56.2956796300821
1834.68906687346
34.7331899193727
178.132929138422
2937.67966506839
6.58433010497659
28.4316351845102
51.3866810245656
23069.0486006255
23100.8604572014
10172.0514649112
3.9010841113226
4787.2379967128
4952.68931117332
4210.2568905209
113.293852924148
2.93653492264693
348.843461056068
284.300439881358
720.087799998812
245.169153659871
58.2369672789897
22.8482709973089
998.182577804704
184.799996272457
2931.91851913662
211.50893216991
452.035711656445
273.640447684275
24.6681427369854
22.630632557355
1836.56748535535
79.5346590425731
0.115277780151967
16.0869680988303
703.662522637367
348.400676256309
12.3034306000119
1203.09440681775
117.393075190995
85.7519220982979
50.0582891764793
0.872487645629968
2134.89901188431
894.563764422233
886.838807819901
131.845369022582
11.2434258262646
99.5592884539393
6.48595514795822
54.7399905933367
138.82877304027
795.639761746534
63.7823194744838
300.761142302228
9534.69757093958
0.141584641878286
270.915597740131
3011.51931974368
2314.82001728932
74.631831259617
484.221199429373
2.74781908155486
0.245470731687294
1448.36077966093
7.6532106985039
350.939549349394
34.2975037525031
1642.86723657064
30.6942994363568
87.3980966876026
74.2598164836493
105.238599728474
1.71698415460358
381.843951166375
26.8965355263549
15.2687205417687
165.871805545309
1073.29126652526
18.4083725944963
2.16976979380353
270.482111170514
19.8831908770677
27.1088237190735
37.857107258469
377.427963926975
21.0737589404657
1269.19913257177
0.12213607633427
0.0595031865946678
353.494945128282
12.0007072858898
2.22104922873662
88.0088858555204
1364.22832043799
131.440515955228
17.494047304384
3.04598754045341
220.753279031136
147.583376376493
1114.91596530409
1399.21732764369
380.709014768297
1116.18581953402
57.5085052023564
3.96274367732367
351.161444960596
0.483192420409441
349.009105523178
0.464740494170388
136.549088717644
336.248179955178
2.15120148494729
32.5231287472579
2988.29336489094
2988.29336489094
1833.8366057068
1.38852025158523
76.9150065262047
1040.86734449068
15.5033601653024
266.36019461294
12.5685284084275
9818.72914582888
199.195916230029
13.3389808617609
416.624730588554
50.8511344464844
25.0018275512204
1400.95530943783
23.939464650721
172.088821008164
806.233773180083
35.2729831658377
130.18610145118
1.12403738241599
343.61488217183
1.20026811025004
0.354503730865589
19.349485051344
1.20280395138629
905.250605195351
55.9801141814383
0.0424367309813327
3.97724539064129
0.106637323200949
5.6217629254931
1153.58101134788
210.173769107425
130.457694631782
135.583636076705
0.0499713151089316
92.8439080737562
36.2979958675251
3.60269296846191
17.9859822579102
26.4069979598051
343.644862421156
553.791206390515
0.483030943218525
329.554186033115
53.1128571608716
5.1449386348815
1463.34504058439
9.08694481327282
1.77380055074381
1108.96671933571
2745.5518058041
2804.60426072805
53.0883303344279
19.7073140624837
821.733074293554
82.3175378914546
1160.03246087037
1.12886394304146
1.23528007374582
422.559385926114
5.1137642166522
685.85083698248
1.79972717723255
684.725764121
5829.87546013441
0.213922186743694
715.32208814437
113.706967333555
138.056613316077
1924.81630279137
18.6716985772965
113.001439670035
111.111912171036
807.734600405473
7.05057122146864
273.021759928929
125.007744750651
168.112159190394
4925.18088694567
3162.72952851
57.4602953584557
150.862487704137
118.003664974344
7.38741156406185
149.198294000172
1392.93008384635
19.5993975355645
404.033974672285
31.4392002277796
0.741535806054104
29.8640831551626
429.52423627589
6.86119965621079
1.03651490561895
58757.8121949823
1598.71724598945
3255.02804610413
3283.1084632487
102.054175205061
11.3976623323465
3.0299305116112
0.586721057956357
376.893532251948
231.413153908237
865.690507345039
389.797053761716
1.92087722235357
2.79008369521566
14.2987257251461
319.749460533427
891.493994140729
504.919201552007
782.892395328444
933.996132396956
3.13725156348712
297.740042661442
47.3981541073086
2.1540455177367
76.8861012662227
133.706167147508
464.613452096751
1.36814339027108
722.523559910382
321.68567301807
165.598841175746
14.7104024615197
14498.2073059295
73.7002559109441
1029.68534524169
97.2929031671313
17.1958692490206
95.3226855688775
528.071903860988
73.5194752668289
0.480413498378288
1209.59032720711
229.703916668472
6323.02538580192
1167.77346658842
525.008513683766
571.587842673691
2.33896376630518
0.0783220168814809
108.367938862028
175.327386497697
26.9814032067654
329.583893785002
50253.1663910585
353.668141967971
614.223226736138
804.740837738473
1.48609434746721
245.454185288937
31.2825909754197
77.1382490909339
0.310384042215657
22.5971291127906
0.116921587882049
425.305102664363
290.834398807459
47.0981835072631
23570.6737425494
2963.25781215521
2292.50739893173
407.544044754782
2308.91332959516
606.929610966558
64.1461122889282
1050.53750949389
27.3917754725087
618.141181540035
1500.72250749146
8777.89420085272
722.404035668231
326.777585383888
14.7181921598502
3463.67316900477
3409.59982545505
15.2254183382326
1101.51738469035
19774.7486392548
276.633282463812
430.093935590462
4.01028361906748
128.038110819063
310.659422646931
49.9994117737578
2.02603429411079
151.763318068765
0.00727878744621591
574.772178264337
2825.24806411191
2814.1931434624
4.0174926760065
270.424418463183
81.9397080512654
1206.24076641795
182.880790447468
299.613003070281
0.0150983015546866
151.383099863374
11033.387909637
94.196165241801
161.350025404176
278.266998809116
1077.04956070745
29.298537631924
1122.60800658042
215.754199789985
2.2255732519314
452.034816757157
2223.89757652647
1178.73923033825
59.8252191931991
1049.72978643504
287.241876182656
124.915043085439
123.421470615446
1381.87727680722
1013.61507795238
258.811740825376
975.036952839202
233.957095236648
9.54739601020709
44.0022301716258
452.934609406511
12.0081511201927
216.15825174176
785.3689527966
56.4467744059056
49228.4018016408
387.021138385292
147.48224001437
347.504028188416
509.840405348337
436.309497440123
197.414969028767
287.861423488156
233.001752159028
503.456885029657
287.594012030821
753.080078139005
765.58305363199
131.408000254725
440.467226127239
2585.54530540368
20.0125906221866
535.560845700549
539.701718824553
7.25079794333712
391.537232328731
19.793137605471
2.01168152358249
1157.75048800034
72.5006743263622
1233.0332081873
1190.99961067134
133.124702671917
144.607548007758
11077.0431093321
1849.17880138539
227.871503334071
1155.91079388105
842.847643277479
13620.9545347382
13654.434049295
842.050198898863
2.44688173398898
22.5358423031705
4127.16144140253
1650.63536722317
189.161167056632
27.2770794255016
2348.04730032756
338.394833149885
1055.39146478737
1590.17524656317
41.4463594099654
228.167795595081
8.1085205905181
31.6056145532704
969.335971041624
0.0310566270475476
0.384783060631678
26699.9449090821
84.4073577583287
0.0217877057120726
1.01030693915592
31.41532844519
514.921988525285
2.86913472708715
122.154124571076
30.1495409285881
75.5964697336878
39.6427432784417
215.190259743231
800.476098836277
251.02834781211
814.922593462215
550.545009393887
514.571156077265
110.70736869513
1629.11127924703
3.21095112115391
1105.05201322426
19.5460744756928
0.0663453196461921
21.6173706219088
1166.67284004245
538.33075749405
541.782606218417
12.2302742997064
0.210389389978979
112.478359727025
190.235570417637
107.265599627983
393.709021248922
715.241390984661
719.646193855344
373.056653472752
614.809974139361
35.7131832962123
872.729592611457
2.62661699972074
1877.3507306362
480.463779825934
185.679139815472
1348.41282363649
1008.02054801919
1186.7952722052
1060.14484961018
32.609379303012
856.605431967838
2.70753382722061
361.04880057433
98.9669434670862
8.51563553692293
9.12336247013884
19.3871089458015
2.42822622262735
331.664324544746
10.0898858534863
761.117855663693
3.56258396911394
61.9702686418587
24.5759439971882
175.025162026524
203.579545525298
199.344157520121
367.151539707343
59.3090532662469
201.850369016539
2.73834569258132
1.59958511785241
117.779690429912
6.589099344673
4097.72704812149
388.431300521115
2103.10561512795
1057.5690285285
190.783499296016
757.586936998119
2478.43877534803
143.821553657853
22306.249641931
11.8071781482842
18.4935347930828
390.435728627642
151.368666294603
3339.76889381215
329.056034301643
4.76124555635151
42.3751939856235
699.441908528035
119.091337093895
155.533562978939
155.533562978939
2.99783027044856
2.20406436088636
70.4889636156765
347.039084909224
1477.91599263857
191.81083886601
672.539152603481
147.643555396293
43.8762655183561
5.23888818632766
107.632230713812
9772.75131074736
2775.82185623282
6.20060005940641
5902.89729221639
66.8462822695677
9.02650024815137
499.506507498844
2056.52822841455
23.9505345014843
5416.79301145862
139.683409319247
236.446523657038
6239.24301500482
147.947921597941
10788.899801306
4261.34506401909
830.41000963725
417.03348268982
3.73376099636638
28.0629477726009
18.6580187454378
13.0093941720499
34.3545687225169
1.10599688468882
3076.14789893009
194.020459074106
42.8116123715456
189.331459884281
57.2996582826937
110.532118504017
53.1913243530638
283.764128076714
773.860247116355
6520.08476533495
14.5601774554503
44.7072960187793
2953.05094670349
9.56838893036363
1.65957642384041
215.908722916296
4.24651736888452
450.235341033545
10.1347039736738
293.908991069424
17.517437093758
145.432126667907
12.4089103018546
9.40649287297467
24.9449658682695
327.537406766142
152.919588617878
4310.44661960593
840.673461635178
840.673461635178
2705.30355030908
0.0142344563584322
6293.66412953978
11.1143240645835
37.870895703237
0.39835992855892
0.526082350391254
290.314542392863
1.45126894649255
889.621776551474
167.985457703635
475.423986008244
20.7856887985529
386.172620868116
1028.45586300283
7.71204793924112
130.080155471547
127.923172627113
7.3668962734884
200.012081007334
32.5218632374894
132.277906439691
3.6511097848085
58.8333690584282
999.120390819928
7.72553326587009
3.25522538499652
860.667262922558
2390.51561980815
19.0527067364725
0.0630688708521168
816.23353892327
1423.44940515058
11.7813138918975
255.626375532504
76.1406443341766
1107.49545960359
4554.51969964606
132.936369601852
203.043257922528
2228.30203133258
21.0600423702176
6921.14744132624
0.346037768235931
2218.04997496393
38.3651256799834
420.899560640889
803.378694994587
20.5636983741425
542.720425742165
0.649099472191616
372.22510355964
15.831600826998
0.652479582994402
2427.51082852752
97.1069834253427
647.377962161975
293.090267674404
405.735566710026
205.503183712552
165.094572602924
497.493733726632
53.445002236982
53.8896650880932
1.70500620174993
0.0177696652253132
0.0177696652253132
10.6314765569804
207.147043688958
10.5714874559622
770.183589040915
1808.75714808139
7.86759503136772
916.137018301033
219.441740488068
27.8591659125402
173.42964014484
177.771601377633
1981.35219877546
81.6340210559524
27.7497515772993
32.2108707116113
152.325823217359
1122.77213921335
17.6973469622911
21.5644242609588
106.54158957922
428.373606156972
1213.93849103157
6.63854218287259
603.319045967141
589.301382138367
2178.14888863346
255.296443326745
315.475461126572
819.02048344519
2977.85214737991
66.0661534647354
64.6309372001951
740.124364004236
5321.359376666
5370.90568070598
5120.06909723027
41.4612496674023
1578.07509919321
30.2273806548456
992.134310459151
1000.92072040948
389.82487711946
1183.53424397631
1135.53188665496
531.595285686219
23.2737588409978
1.84788867465669
63.1005409833419
0
442.720533216068
0.00668540604342494
79.6472792361581
0.334603412008276
904.587295869719
545.233288023486
14.3932921270562
597.179926729166
5.5507194799729
305.931162543252
429.364282049252
590.066484402631
346.445916246417
346.445916246417
494.932262878761
646.841489651326
213.189156685194
317.970362126929
29.2037189745489
140.068222785875
585.86806515187
0.893523492242021
5.39430408808755
41.2164691358992
2393.08773879331
78.5844549732125
6624.7315958482
241.609706763498
12.3582717847665
55.816800791916
150.368554046779
53.3857852711835
1490.90405465083
42.1219852734447
2.9697917859208
1217.07106401793
1697.18897048057
1919.84714601633
101.609974710928
126.452169322934
4.2847514220508
307.907345064828
210.973800813903
29.9397219194113
217.740671523543
145.527772202337
621.726386918895
88.5873225063525
834.020206276642
28.4930298134046
114.0704846858
114.641456527186
46.8646240085804
143.405953557443
13.2505653438466
404.399454144082
24.2846711457288
0.214619938257151
2.86468773808298
222.635912233741
46.5431442341949
482.509895656359
101.272669519601
13.2279631947185
96.3486131463376
7.68654487370216
26.729259681342
1038.01993890474
60.9131949470086
0.126429831610164
0.701227805730481
4.82859984945179
200.877200360666
26.1644479901012
92.9439829003742
254.692459912241
114.434669637591
11.6046255817303
0.0804736380197231
1.01026325583528
406.189470493864
22.5923922340273
7.36456717999183
151.067353484357
5.62557976141732
1.38791675398751
585.203154279207
154.667498411468
2.8282756415688
331.931322434435
1.85979663659614
46.8170511112317
82.4899751330114
111.161886938429
192.704121776972
3011.85481041279
499.651654100643
243.331975764836
496.238134465946
76.0222693373187
950.629900134576
928.140718923947
0.460270412114037
308.169725420896
3229.73641738525
316.058830276145
900.939859508956
9.27797962988151
156.804741203276
2020.56469894944
0.380318489149962
1005.73080952221
185.466462470597
5.90476847007843
255.901713150405
46.7281399599773
34.5986443394568
260.896362686689
4.78595856149851
558.905938300626
74.4258637648695
88.3395624198716
17.7327791321419
29.0513434182264
540.02977084243
141.194796063865
587.288069331634
669.545791985551
4936.13783460473
28.0585811624941
391.567785897157
1381.24493175542
2504.35204864655
285.172900083764
408.003535280346
0.713102489536701
125.666459455702
685.429937587454
0.906992585397947
214.641173736352
37.1417810559361
0.0737540089978372
4.5769927358992
93.0623850479211
289.495948679503
490.222589093069
18.2477506915861
6.4045074696424
201.486161127286
968.196607248185
29.4120768675247
2080.29837228544
493.921514737861
188.855997366572
0.250477718573058
427.864492947688
4146.60731075086
40.0813114308066
51.5728445233019
51.2131910869561
4.77232167267136
17.8499441865969
0.680797287009856
35.0615000082138
26.8469463146369
44.5383902492866
0.256607271646427
35.0993791393952
0.00716230248999827
0.680797287009856
290.012441554554
620.301882109168
3059.19293469044
848.691405608871
867.288165392295
203.395421080411
1137.58661249702
1169.57069145862
97.9872267656816
428.852691819665
0.280447474499049
9.8463803784151
458.116179614623
24.8528091281999
157.270106408026
124.585847669
112.467553308668
0.846589604613735
32.9338094492979
27.2819011587405
2691.13513178776
30.0558897242915
0.0978306658754364
54.6840619963262
39.5207748900334
314.715212785139
3.72886551845105
3.27717031885409
13.2253266390846
1.7169923353935
147.038730637873
16.4917593953713
233.517743421478
386.199130640337
1.15577849577481
7.11820986502307
8.98668839839101
978.378878312447
0.00622432241596016
0.718170873004098
1.58968103543493
0.216662100302118
20.3007722750281
27.4021574977187
1178.96691548246
275.273865674075
852.388377620013
294.79233336727
1420.52318297756
1392.16580994656
28.0986383702129
2345.08476040487
5.07559273578897
1533.58214652302
26.6819243925471
86.4690575574408
113.330566114109
397.546365398262
1.63457909331611
2.79864882367327
190.810161172081
1.06507368364163
273.766079025294
26.069625545315
20.742070302186
498.449638739756
320.253285449148
355.209101418105
21.5172204723622
207.514544919908
18.9094438814634
1356.61886898253
44.8215413543684
131.262524730363
0.00208160507963284
146.778520170782
21.8466710382261
1115.69913888911
1122.10949026602
443.644521206884
509.254444553352
407.631893905245
0.527801336453881
16.3576922166772
149.337238776474
764.630086544904
214.471094059359
996.640209720744
24.7585528768273
54.3482061763788
24.366057386219
1346.74075681735
126.655386092472
247.289504029213
6.2194901093802
0.788088044374416
55.4188457535372
1113.69695882983
265.674992185752
33.3506596736138
4.48160085313678
0.487230773635336
3.64480398971159
0.273474396530896
15.6988578906705
4.18601215859877
1246.3347443465
0.690813020070413
882.261973030193
4.48172926840733
8183.45609197575
40.7345808727576
574.631095052907
16.9198482025923
1371.39145710911
106.035729719901
1020.92463041771
152.737439396035
13.7743852089868
12013.5097671812
262.650821095995
1993.47038204688
442.181231481444
82.3447264161906
1.40787195802109
3466.33625851906
18.5438555515799
264.43806063627
176.218855132353
2.5293376306481
16794.4829206229
3903.29089080222
10.0498644115867
5976.22040469021
236.584933895064
21227.1792041628
17708.8190288591
1213.80080119149
11542.5236613602
314.610465891233
46.9389545500472
41.3127603300045
76.6779362664133
251.824486478928
239.268762540544
7.59375790888834
10575.5860481216
887.76043349951
4175.16380546857
309.220235710802
167.466372490794
6111.45652545355
0.676338764812072
3399.85371050301
3445.05287992043
21.7451267177934
1.79165505671867
17.4008850057534
35.6540644386124
0.0866230029084198
126.051386612056
331.2544157617
184.04608179326
1333.98298798405
63.0108216716976
9.33728802769987
19.1986263784425
20.2496588930053
25.2374530516509
3.92396708583361
2855.05590321154
271.663501875127
0.197066019040736
634.968616054209
0.313341164167551
38.9777144257119
98.2570956342693
860.564643580131
328.137155302363
115.043227678069
33.6728274029551
15153.8301856967
14.0576395458354
463.319961714976
3.61208597393583
705.921592604164
11.0922651577914
3.75086990039369
1036.92783247237
282.366017005587
2118.31428324432
1054.23701044908
5.78304236233416
2902.800084129
1318.84014577238
312.056153800234
94.0880989434996
186.863656189762
1480.14713617669
1464.83825522871
15.4238766650258
23.7352063261182
21.2351142546943
75.8905647729771
197.784506359813
89.8711500934931
3.70926699827038
118.025097122393
137.838070764382
49.330920669467
0.128587492947061
5.87446416798024
1.00606309595643
0.48878033697848
368.366951227009
135.557855437058
2073.08897177683
9.4617294761862
22.1681760670948
962.201350242867
475.519619902668
0.0676532822090719
94.6480330967057
11.4350581971142
287.256725439036
1075.89640493095
1.65857166648522
133.603019557647
42.4906012641512
275.849226146575
5.67684274115023
8.05996679123558
784.559208464477
203.53041454126
241.679255047619
0.069351800523888
7.25710761945999
0.0555950992568628
0.327423898481906
572.112424390416
357.380932053681
1720.77300737557
7.25572926343162
1088.01450399957
1094.82408668126
10.7052648100269
10.9542309601103
80.0783458892151
16.2340835087627
1593.85329531405
18.9489212420363
175.819102576541
32.9663335039219
198.573450199805
138.323473253798
173.907314211194
3313.55231649354
16.973336433738
7.950953455058
2103.99720993559
2103.99720993559
209.58959506044
1353.17239677609
20.6979205470632
21.7741254265892
12.8470841072889
519.167829258571
718.359172555826
715.71932743885
1100.2944536824
63.5453535000879
364.540989600133
530.008613273574
1138.7650902459
704.216019526506
1839.19896634487
17.2007043806445
80.5737288024629
4.63520731170191
1003.90778308545
2.29710101575773
0.0654659669311761
1592.63581666569
317.100352687245
37.067889791978
7.88429722939961
48.5487336260735
30.5443338115079
12.313758811968
409.426743993862
128.985221091737
336.126410483229
954.447311732684
6.3128984023733
16.5168279133041
423.201572730138
181.11659099927
11.2586948233701
27.4953517537042
62.0406658607431
26.6549198405007
19.4640915531466
3061.60003167333
18.7059951911668
1633.77240078704
5.21169305736008
163.460461364215
35.1775234499258
8.81787211512468
164.178510959455
7.62063715117168
2175.62750360844
398.836652709654
131.762019261627
871.748799021221
16.0120402112603
20.0578959928349
27.0200736259126
406.555135583704
0.193121043429893
100.813595658782
165.749280144773
1432.85467832033
0.175695354475602
285.479980210621
68.4539126798464
14.638079801634
553.176272432867
3.62664079502351
146.85245974377
308.458700980574
25.5481147024062
482.853324687988
482.68509018213
282.617065752085
3.03620879703965
0.44805264996487
510.888187866871
5.45154617456048
38.7442766934887
261.185931932183
536.760288547492
33.3612358925228
4.49787378711704
103.019014875163
0.0108010433869639
3682.23370476561
245.328256268313
28.7318254923486
167.553490976435
71.5141771880862
891.34619998734
1275.11595085564
36.2982418939789
270.184715397872
161.436012216742
867.015877911387
883.715273118177
46.565443800229
902.144155755075
908.322321249445
260.947149864012
1284.50014507189
554.678540680382
134.609056025031
124.107681530742
519.787129212401
83.2594639020571
337.195775192701
449.896968426014
7.46597232288945
294.266514920309
83.7392661577514
6.57110808995624
473.378991562572
1299.80187946301
794.324171746158
4.02008466008332
1.82042352258479
2908.55038745547
253.159720171331
200.484843253092
227.361205069109
0.0142344563584322
7.23703439291061
1143.96641457472
237.298893251395
1186.07565240879
31.3659248326455
78.6553724555854
30.3546448233268
1812.8185127995
58.3617107878037
132.262314729451
263.250828147756
870.546637018466
946.891414824637
7663.19691702352
979.57018468971
5.39503027071653
0.0193194098045246
139.540879569771
36.2782369414093
6.38726033230154
370.635727735253
12.8338998334088
1924.3710586912
160.610354523042
39.0507530418189
130.578835979734
425.989333126458
266.322037441596
1004.30290524893
505.005339804955
500.088824708116
444.764005400562
271.293349641562
15.1137419559179
75.9239401969932
869.274310449169
956.970158018094
130.168805574771
71.0459359244199
0.67222496762805
504.950392397021
61.806351021613
117.489344255342
241.676025040753
3.04737644793506
24.6012914091587
377.96122275509
3.53037751242802
0.706063550427409
113.080582543531
558.252596264061
98.547272605243
93.702765273996
22.8733471716459
37.9732694096086
880.473617358327
16097.1853243709
0.124940421811776
164.60175661761
187.351725667813
34.6507252948668
32.2677718153979
279.704900312378
44.5945849639705
124.899079865036
10.5113546011113
1734.3964084957
760.167218312085
320.563000206835
628.61932657672
515.685494340669
43.4891769368139
70.3755236280861
1724.28145699273
49.6658835041604
187.919716612717
156.203330591515
118.903147604939
969.388475350149
388.909987477688
68.3827856501895
13.3867947288367
3.57794997326964
8.410294368755
137.953625925533
175.803463915565
9.55681079615235
3005.9482460429
3051.67010952389
0.882140419620415
2726.36522774499
32.4172124315677
0.00750554725313846
19.9077721079433
69.2425383953228
230.629179820145
0.496602989449947
186.562728977975
548.187099553062
9.36051927441518
126.767434615023
125.17844349195
184.513928832915
675.765507918913
514.624865019754
25.4435921561559
3.47977498681949
1402.22471792366
5.18249479278324
89.3544481203171
39.2640921441801
120.133816787732
3.20923499358635
514.641780997259
1006.64110568217
1837.38061247603
9.76631274168839
2890.67918014337
998.355703723226
537.79893977811
2.54641403023254
543.655671070158
123.631012320748
2774.05366250158
834.786771774419
65.3104187817155
1.50365985180695
11436.5496127105
3324.4544813475
1370.02215277909
1.182366314633
389.980351558858
213.678800694468
2540.67403185736
62.7999769228708
72.3046403617215
0.0787969284241818
501.223783834061
25.3856299713435
1240.52254010142
43.2073085797742
140.283783424378
1314.45363617975
3.29683500640505
908.552043143546
52.7695880650272
3.89379060717703
587.924614825697
277.203529591761
1059.27822345376
366.12896485089
4.45658370703176
777.301082574101
954.874480806175
43.6170964374831
730.337177758303
0.572289683818793
288.510488354191
30.6620287780033
56.6649381766507
61.4038016902893
1.55114369058968
761.80405188114
272.945271801222
48.9589474674146
15.1235914255139
15.4312925838043
15.4312925838043
950.068865408797
216.458701748938
23.8799248296647
45.2276785824824
32.6129146372598
47.0951649800235
166.19214897656
706.140616943062
11.1219114698013
4294.27935605962
911.727672667097
25.3282539199644
151.774981658362
14.4098063994885
298.381774653916
133.823622089057
95.7468400187163
226.064845595704
23.744075066705
23.9943105560034
62.9616818828627
25.4421291200229
12.5722637802364
20.9487324899735
186.234222158637
212.160164617058
4.40191764888289
133.276637719394
319.824187500191
327.990263313472
66.2910333688601
364.437668590386
98.5696015819111
85.3564458454852
81.1889508333068
0.209746539207654
328.362176319268
64.639522859598
1490.99383383265
282.224061726465
1.75073712891202
15.392968960163
152.26713843665
1742.74547862899
108.471599619456
0.325749486759496
2113.83875099973
336.751097200533
5420.13955983443
1150.62418565837
11.5875777090697
1.67625821908107
166.576706773399
82.5683565630229
6409.07407220791
0.626426002558935
29.0853375412739
30.156765050249
0.737260104323683
458.889962516597
2.90617729918724
14.5919530568389
0.752761041959329
441.991850105553
137.512645504654
229.483275179481
3.24218871081129
27.2113100266006
6.67173066515387
1760.95642732167
434.214737708445
2331.00759767606
2340.5958228956
1045.55617810582
7.69104456812092
2978.39998015564
1272.85626321945
45.9039912590457
1003.02932400815
410.338216554816
0.709016234476263
352.912325252993
3.38823871519566
1577.10483288554
14.7413214841626
3360.35174720435
153.948398472629
50.5349350871443
0.0238102927847696
643.297262944673
696.693440027598
758.669854437461
174.191296511194
12.159247037693
2.16530182345837
10.6597577536039
183.201016097129
23.4131535676832
673.437450189525
8.19227368257722
728.558377762546
419.461276717979
10.6392072477936
1555.25268486212
140.977940332699
30.1547309404048
942.279103056836
239.111114950122
214.875535530218
165.862028026539
535.087520218691
114.55953104127
29.6315404390177
2.20163962921805
0.303810744744851
33.9908991851109
71.8821934341304
14.7000413367653
1001.13961656448
1.90514760075033
90.5019054707638
7.20588102229515
666.403937103118
169.279147553911
23.8320774629551
276.666196060007
221.41694438985
436.791438338164
103.281101656675
163.833877474144
9.50842642139813
1.41343460235039
33.6287845471821
45.9727774237256
0.0380527986152648
36.9447547843578
64.2692276085736
561.354712625068
20.3618276945697
237.938718884425
1407.22033795658
358.490899482636
286.053734517433
60.1332254317855
34.499333030512
12831.4344862189
12904.4948296305
48.7245283400267
58.332865608336
128.183831552252
158.759129059659
14.0405784477125
23.0963979956029
689.908555025485
4.1447726406816
288.546208421901
103.781002344829
241.270231407482
1712.94072331736
968.972875592626
969.349503678041
1.04834896489504
83.9180914481547
58.1399603626875
653.450763615129
317.12380978214
727.331040238149
344.035326752009
209.85132063085
291.045647863965
84.1956740512446
11.3333022397545
3292.40605556074
2724.25693672514
169.038285313899
61.396674319859
403.321479706626
1917.18549778459
832.468949783736
2220.74753127038
169.300678875639
290.859768712636
1204.56145344248
818.679437574326
263.774802648836
86.0156545606087
85.8953897329816
6.85231720664997
127.303790267255
43217.4069904868
0.938210058951906
88.8464018180663
1310.82453986114
4004.08408902556
166.545628850286
652.373094220518
91.4651138699958
2012.86353299708
31.477365391581
11201.5057595641
70.5113598282536
207.726115252495
46.5382033299565
2037.08666393127
57.8881548034824
88.5145011349613
0.131567102244637
16.1287308243854
7.40675649867314
1093.60332923898
5388.49512698622
3763.67402017585
45.5379706920927
516.398201625781
1310.89185615457
226.852017023871
544.299211319335
3512.69346156806
108.773249332637
29.4795105013962
84.9537506496993
21.8031971631023
295.936221734991
295.090023687662
7.51666465265447
94.954047573518
14333.3119273796
126.826460686455
559.742325000439
88.3515203884624
5065.18069036432
48.4658137279436
1066.34332783468
219.241203929995
22.6135991436763
19.6972012262181
1775.67582422244
6.92643252673155
1756.00616666179
10826.915010162
4536.76656470046
4588.45159404148
348.984198393013
1345.92411024876
0.9444511942114
2634.11676561836
1272.28695572378
1508.3251275406
418.670478456104
57.3116985711235
46.9544981178237
51.3495125382617
1029.06896651112
67.4613492699099
2356.7187096882
14.5491515716775
1512.33442209076
1393.16328256232
6.83896523174237
27.5274054599853
1015.22644523428
15.1506162791452
640.116338702023
2089.42084248267
3942.59022747043
1065.77020474318
20.552343788995
0.644153661945812
6.83942759429757
719.332278541348
314.680189554953
1016.42192222034
11.0288443656816
65.480583968566
2.39606455428307
21228.1308127674
109.550291515623
3186.76918341929
165.441798837673
36.6014947370604
7321.97952953167
1347.0369987571
88.1631896306004
702.263566235553
366.488581317007
23.3298682884267
156.195838368
276.432328486799
435.816406544792
11.219500075437
0.473767416468153
818.558147133161
1124.88919995988
60.5777170984526
806.684728113664
58.0923502248544
61.0758873893545
1153.39821314656
0.00727878744621591
1018.91762570186
5.73377433661203
20.3454763520586
14.4734169918622
272.758124714445
1007.79200784782
176.638063184292
2343.2291023913
61.038663907913
92.3569224510071
806.196229983425
1549.02739031482
1543.77057735787
8128.31627144355
1343.76977604323
0.507677203622425
0.601783483338118
1.49545511912952
297.108824137236
3663.60343574251
434.187593664826
1.95833601225001
577.168294794697
1318.20075833495
25.4294406232373
448.128941986577
766.972537681317
134.021637270674
117.028900105305
2.7081911328208
1.70585668864158
0.859594360491754
231.49934957417
130.204980193649
655.87372087083
1.16807117695609
0.801834876907184
22.3398145423187
81.1614026835642
14.8015159539189
2007.99555519274
346.489874288987
165.7040518645
3949.6977459661
17.9661753115264
512.003623824689
0.0414830883035038
0.291184433279566
897.741540352705
0.260281835037301
114.600225119713
1.08324001659131
793.824014278789
6.36935904361394
71.94179567054
4706.95897692272
254.418710665486
306.508502240506
30.1836012227662
3.96730877690335
42.3005495436956
1162.41561121483
7.29229666832066
2.15882984205192
102.240513597108
492.697579424421
6.57596008850693
10.4989820301322
29.2982777898261
6083.94856725312
375.633980494869
13.3793891104534
3.22291785124883
44.1079043860443
3100.33121091192
475.402105551637
296.398429015537
22.0339753042894
1.23957386331543
525.137037540482
0.468860804530427
29.5168786945137
624.183981000955
49.4358497189585
2128.50575334759
1.24608763865538
2001.27666432644
1768.16921059739
32.9027638730551
74.0302557532944
780.517700384566
13.2721385366173
1100.29598268229
1.31447394893281
769.842364977291
21.5189248509523
0.345406616475285
291.838244750631
38.3872885594194
67.4446991859272
675.765575460146
26.1924469240187
582.532402911149
230.313409317063
301.667508267265
8.10878457217316
417.606396795872
56.0598928287073
4.61658813954483
4.56527687404147
40.8641544925918
56.2803288815959
29.0967280397187
163.131159089839
130.327577457262
7.95665474981977
942.862935628136
942.862935628136
20.0774384599121
465.910107392977
290.117488633614
829.381852598756
1019.87774743913
901.670666823777
104.608403446814
62.5001991761998
0.239708094183563
88.0344739319636
0.20698231762809
30.6873793455204
493.290304316818
76.5909856670017
0.284293212383508
20.1319850151597
41.4637340299974
6.06759954997653
43.0292203720533
12.4343893764932
10.0313397546552
272.150536960338
105.541292500011
920.45922438391
44.7955441155511
169.239123970805
370.165578219513
0.667966485507132
888.532638170939
0.840357929017877
93.5413977709034
1.08657672405683
5.94087856806625
16.8528547765359
1520.71459840884
52.3443918357734
69.4457131175009
168.756025119591
2156.58472778461
11.0252943456221
374.482474247086
52.2873526256873
148.247836905287
1011.71090948701
6.49828526293225
110.623081272215
259.973396269638
69.3084035237203
533.909375080593
129.203434798163
21.651119601866
86.7740876405462
119.072793411556
56.2284110298886
0.0050754316202668
41.1416147195677
0.296861459047131
2.46576481931658
325.338202186155
316.249075070081
272.586662647211
4153.04545636192
0.523544632237555
62.0547704450454
1632.55715500522
0.543224122553569
56.6610378921272
9.75135924367956
23.2264499989812
1.36434380733214
11.2898343124057
0.445530576087524
199.976597066928
2.80803821653709
201.484126544531
109.698984224179
341.463918508336
31.0183190958023
0.152232048269568
162.432982584358
164.197839548276
38.8049580151673
45.3326558127317
277.931169985609
870.299772216859
1918.15807992389
764.129766012991
6.46794212494411
1.19559570588575
47.3419887121003
225.030664573905
482.114559471576
1.67881674150344
1131.23354256143
92.1689963227949
11.1316399983593
1.17065824346608
790.681568269785
0.704516789078272
217.153157757657
1391.58695294848
571.755953413098
6.02484650848361
486.128752504892
2595.33166831796
2650.80044950897
5.15284659942222
1043.97201405248
267.511149817977
0.768371402555817
2.33553076663391
1073.39397006356
545.73729349533
0.29659666435206
0.6488695122167
266.61676425468
23.4368081079746
31.64635446985
1087.26852624543
0.235852617946587
255.696783314638
107.455969704363
94.4676171151769
100.620185155387
7.36368215121187
200.238398138493
1.61091080300318
181.493467498717
2.58859091166782
884.987029490828
117.315960240275
243.283130033374
183.540590089966
6.15285068388932
10248.8604310192
5.32874550271856
190.525189272216
3.55684261715369
2.08168205556996
0.981465913985294
849.512249307308
18.6372221760757
248.099692986689
461.70771596283
337.427980351072
245.354199989294
49.4952252886276
515.534147167018
57.768375116011
75.5387157721425
122.264131818846
0.174502532922657
451.200058530167
345.418882066403
8.32605190573044
0.0433274447412333
168.104575757903
263.368039165769
46.7965688458697
3.09294374102622
1043.54122569078
40.4673952077969
820.467214685815
1103.28700640987
23.1082836362924
3.68776734950666
21111.7781415383
0.179090601443686
680.374822340191
267.859025130154
4623.08297840683
34.1472099828477
54.9392777374212
0.0523297609449156
20.7899085483317
804.410670579412
14.6643762965867
108.117169301165
106.280810126539
81.735968777964
70.604823373816
16.1462247299827
73.2776210465206
1896.37210445318
221.669574260887
938.302757542974
4.27516035926267
1956.87639996699
5.1351785256749
4.73681998879378
1.99341400353718
0.6030373888344
507.861364892992
2.5746534150498
0.967735560553237
62.6669188241072
27.1556687768413
207.067225413854
0.555868211139583
1.06580915941739
2.99567777724229
0.894223458501214
645.809920673748
747.526622404115
12.8620770785521
10.2158271014697
27.5164772847436
16.4680998113539
95.2505375029588
206.30570349832
1284.23076204656
225.363236406363
135.767214821577
2.23954015056766
998.354738172388
17.3852445605791
221.501481068433
851.516624331148
0.528508524122423
86.3732487291106
2357.66029076139
4163.03098900611
111.110059362566
46.6083099926739
0.0177696652253132
174.26275765234
219.986778188851
921.1947371366
55.3143454489004
13.5616293316938
0.324597253916555
225.450256813949
5.68982837065479
0.596946983909427
458.4992204888
379.351648867602
2232.21723603462
83.3551304808695
0.712496475852919
417.927478309894
0.724620902031346
1.1885746009168
170.227209591127
4.27914353196525
1055.71505694029
25.9794056141726
49.6295405428607
13.0686652352763
220.406663187054
0.66517025501374
94.4859602296096
0.604670190495807
6.89569090772661
22.5823670370812
6.12068777060783
77.7975094606685
1145.28821016122
180.255557119034
2.8328683892423
1706.41430231829
722.281708757027
0.0853372511344246
209.489549003844
9.18845671733278
454.428299792018
63.5245885102108
7.67072407199152
162.154225471804
185.838640465717
1406.74650155668
23855.7195145335
23939.8786180636
9.91858602627868
1500.41143556566
611.19374362968
1131.95289762267
2544.6045143656
2580.36566304433
52.2300483762423
0.119314616992557
1.47519319468063
5.28285578749681
55.0191611499764
665.933533981198
28.2219731549827
45.4051155105562
86.5077752919697
0.843524768337472
23.7166756009289
3.69548366597237
386.929869920085
0.41307195608373
3609.97211424322
68.0535666499563
117.508454853826
845.363045512307
7.39720426259662
968.889101527434
19.5173329490099
40.877035933416
55.8385069114426
2099.46772507607
0.284394186737353
169.797649405271
202.822599642538
135.274305702368
2495.55968105593
0.748467252729471
6.77303116773535
724.474420529112
160.74290277228
156.394956753602
2.63494783787089
754.88018550689
7617.08073077874
3.0857275874489
336.413601560755
0.0457868809586581
119.283583995163
1.31313259930622
124.002605074331
1.26190528290239
36.9931100515308
2421.47667694453
0.957655695357037
109.047773792622
9.47792002772575
897.670414461342
453.915564932269
121.1631662108
483.178305127693
69.0800851885949
418.984797538256
28.899470808413
198.621009873137
420.017130631002
0.253357149774197
1.63296600182158
51.7536001439944
4.02930859626193
979.37611021927
813.634048658276
349.651153225406
408.487988550741
133.420782995274
15.9536478565236
14.682497497522
0.496602989449947
162.37494323951
362.796051763337
4.83800858802938
1371.61508236235
28.3128451646709
5.83144348914502
160.62377822264
2.90463190408874
143.185753400677
333.191139536448
201.310298986025
11.4290287027728
0.703716443486684
1495.9349505333
1.79476861655742
45.5207626337929
5.40300120971168
7.20819503078515
0.865208038116339
551.671564192306
25.7107501411403
116.921322679432
1289.16131048794
66.1307261124027
2.40370043812745
599.675518578247
313.022460979557
21.5839519203997
5.40439897264862
2447.0433697654
227.152503451027
127.710690541016
265.617261879626
3.99858144748983
4.25973925543245
5.74353663320423
2358.10097706738
87.8600217486819
2733.59350170852
215.215954472173
2684.83459155394
5.68221942706347
0.957306189421374
3.23602707217853
1257.65942877288
41.3558797398107
44.9677332842043
242.475885990754
7.64175766934918
4.85436866378843
1187.22927115029
673.847632282881
302.274025906422
2.17470823600623
2.26321113739811
5161.61632220335
2949.48741863952
1.74146628574121
77.7995386544145
5094.64656714819
513.633338263289
4.92013163044181
245.749115254004
346.186160040923
73.8086291069284
222.835270725621
167.86121096721
50.2420105895132
225.785041205106
643.790694451183
976.488449305957
2991.80801593877
2.18820754300215
1195.46150592918
906.967934133362
0.362164236978046
0.176264901956313
115.896596771052
0.388303487699946
206.154801879049
0.569833281645344
78.0574789328909
10.9802625618748
0.122339879912645
1256.81398966279
169.835338198334
95.9466459257804
36.9696374925566
1.06147911317679
0.498750516387052
236.493806194587
144.311373027713
1.00765151302068
158.371772489273
435.317645746828
212.954085824536
610.343675338959
70.7422939873904
7.31675671453282
2.18342343098388
104.167357758342
5.43264239524558
1035.89541693879
163.279305913876
4.10861064103017
5.34649046606204
1130.81105323419
23.4309554979215
680.076718569585
704.466794628563
256.565994430317
484.97455057481
0.623879791952993
42.1088469739055
343.640719731966
522.927187269711
414.781480185319
277.173888180238
246.490201798152
8.51740246956225
302.586722515122
1580.24627565829
32.3342071244098
1271.6537201716
0.104038547350722
39.1334991486537
108.229578949487
294.374944338384
55.6130626289474
2158.37905508783
996.715557375785
17.7375323869104
146.609913204042
29.8741745669869
577.158356620692
1747.20099578487
11.3204580993743
0.0504154536645447
4921.53259942278
236.643874192497
238.366747665606
452.778829933854
2198.88435690772
4165.81668171448
1237.49989651448
7.03651170018756
1708.88841234028
18.8113651083477
16.3921025991959
102.865062010919
0.459082973174693
1.67806578601625
204.483081399952
216.790903969301
54.3843116450434
310.620598005426
1.88443716715924
1.68367879151921
6.33438077543764
3.97434178438134
3.18214739577602
318.404432604261
2329.29253834785
34.8554058960977
289.400027469053
0.664944558239788
16.1154954496373
339.151901527511
321.154142116309
738.6096982223
35.0963078234032
1076.85999922909
1064.53303336363
381.486055561761
18.88224736164
7.81708820440896
0.305981993726716
83.3889519668152
225.212653373715
59.6684591379795
30.8482428405691
15.0088507019062
67.0906722519715
499.243329998014
0.361653109124017
2.4186319190085
30.2263380204643
387.235763202585
3.60777854505646
96.8156225545165
15.2166364295472
0.627158561218897
18.0332588884358
87.8855379089677
24.7512049209365
197.073819836976
182.449075758717
2.49368164296783
4.32572785955311
488.062489175217
2.73912552669605
57.7758479368743
193.020018266257
258.645849130241
45.3720379505904
14.9791096773277
189.884540284568
13.7334977375892
29.9782744165811
1136.40355012787
30.7986069853794
406.479490657752
435.581407735268
886.125191271457
1.42047767248211
2.70611548214284
487.54723738776
746.216218490208
3910.64942881991
0.252216642322998
45.7073682764705
1355.87707760228
14.2843935648513
0.446756477438538
6.11470458583957
49.157429820771
205.873850293567
51.247501904102
2321.86566874305
435.317190312706
1081.36999171187
7.07597965735944
353.062852869494
816.741923892515
217.263999830923
513.067706775679
3.9542503953851
32.6976250158106
63.5395593468435
69.3297523716697
251.847563679348
212.650869127653
18.8377606741724
46.1737764310835
59.4498038432867
116.718734206978
0.761974174091288
87.700055555676
9995.67508925864
0.696447990652412
176.125956477705
214.640945654617
28.7075132241486
12.1688306786609
1305.39032136282
1030.87727639246
109.394549828426
116.117823359815
88.1646931492564
33.911451869385
79.7520209238631
536.238826088285
9.9303354921324
138.525002912006
77.0634466184315
13.2388189752999
1205.46144189199
802.173372872539
864.973811014538
142.064118432455
1.80497817253794
1698.20207780864
1740.14283159635
0.0523297609449156
307.141271510134
838.225976251088
23.4330110401185
536.245101077076
0.0786485664945724
26.8436958491402
17.2787282843825
20.6656733323644
43.1257094163927
436.14771816385
1248.04945265819
22.1089379321036
9.02105780424098
3.43560269028835
2.48567105888285
1.21163790792591
668.575128563469
3.13034376652321
188.374707256407
1517.30262042215
7.59995505010072
219.944265251297
0.213899453645518
1134.36066486944
101.1720274745
218.950015679228
11.4456011988904
0.0577246976328567
13208.1682922092
11.8263398868165
0.513131478543042
1180.18856375777
264.052735352265
1086.19934923892
76.8597551437598
335.238134268496
320.937691690434
63.83887509198
0.0916318885478717
31.414451164127
11.9774007029724
8.89128181366027
201.116536889038
62.6223728138581
943.913649430866
4.09875169260312
10.8619552497625
767.874865066505
180.101877001282
90.1977922130873
870.814709913203
36.8810987625529
55.2972552386388
2178.85224680656
214.525282129883
0.870755833720822
989.553704635588
0.920556097704436
1.41865089278329
8.91088166536243
53.0035619051963
150.561284212587
51.1760511046735
4.96111338214447
2.23795733381734
162.475058593682
783.858067901256
0.0255676450433688
0.0177696652253132
95.8996738647021
832.73192918398
3.42150715194647
89.8386466427057
290.435630290132
15.0170999437036
14.4657236256346
0.0891264406030856
2.00414260937141
23.4093564348132
1769.13448444517
194.182998654954
16.8196157174455
10.5771351283953
7.37912237036658
263.553972157765
9.72613528737899
0.173462064684525
24.7858145744003
418.2828380597
407.89727054905
13.2707855907405
1108.12651696786
447.413069768013
607.835853843362
0.30437497994472
1.00918442643398
0.31308769198033
387.525096294984
975.875186943428
18.2352435804479
823.727152651471
24.8545548298217
5.8709871280761
57.0927094709838
1663.97034791844
20648.4560902885
4409.3452309132
9.00683347422317
47.1110888044377
35.4049218226606
0.708230822950878
20.2868310185275
0.155663041604384
0.267465101749393
0.241599344628382
0.762201371801458
51.2642208795049
257.160744982207
0.634313586073188
223.076902073031
619.742367560214
169.542712786758
3.41559245838579
32.751721184588
1.64680058746085
0.522414350959088
15.25312709789
56.172255177627
0.0969974213026776
9.67132735663202
18.3842671197381
1.13423412717098
1.3742034997513
2.24224219099301
1.4078067246018
0.781873100925111
834.765396813532
49.2158278318989
0.310384042215657
3.40454593827936
387.813861433924
46.0872655484024
346.013724200887
429.309581790816
271.195797928102
0.168102786574593
205.523941132446
573.207405301634
0.250021735541884
25.8489878925319
14.7153233076029
80.4456780078946
0.0214684494616308
2.38806409390439
159.767826447086
5683.24216875895
1762.84849803588
28004.844128982
190.586726199089
600.808596628071
2.88180070972668
1506.36734549912
152.83120086681
231.053802229903
765.884361265857
143.835911862127
13387.044510078
91.577962971416
4395.33812230358
1039.88161815751
54.5424330370941
163.306085960193
315.294696679988
1.16435852664683
184.055008369564
0.235735686194169
2.49643302548316
2.96714212041143
0.576532585714755
21.6724408457072
40.0723285453742
2.45235874905382
12.3082938789337
77.9282823171495
229.007416867285
8.53695070222435
1597.1908790507
3.81810597912696
8.05448340882493
2.46444534918674
0.442037118988633
62.3606097029156
1.68995019702836
87.6100405849566
132.73155178439
13.0404236718233
1.21654998403923
2.8710890414281
0.570597251624086
1076.88008225006
1080.13519415852
0.265373631260106
4.05874924150034
529.681767528204
157.106991402974
4.95081021126308
51.6607733788336
0.265373631260106
0.189388618318472
0.265373631260106
0.432153556261343
0.39223411853968
2.53722636872455
0.433211510472481
2.63751615831185
13.8853163310954
3.4417383642442
96.5547458688098
88.1613769314917
15.0648816693541
4.20217150220862
6.97545204846199
23.3410852686926
0.464441274374737
3.70661294747268
30.1219156279736
2.34998311232377
0.0914120551386006
13.1081097112551
3.70533828378087
94.1495115031738
3.15044362113727
5.55355526006252
135.628891477697
9.43173817102589
1740.51771704973
109.04232279764
63.6480263949027
2.83231352410727
712.506219393706
72.4338259833338
137.254621697764
458.310739264658
500.637514458159
915.0257382411
1014.42508448738
1052.56937542887
949.710330644296
13.968951170212
4.09016476138022
113.230176319422
478.695519023015
1.12221227964974
314.234797886412
143.487426958174
50.3830185224039
119.292485852727
58.0783786014335
29.5432932472224
30.0162356892488
125.455589494279
32.7311210405934
487.115435553237
38.3363629932204
8.00528212778466
1.77952451014691
0.330676092409473
37.8311942977267
249.616125885608
475.979959843455
0.352306965792534
3.33835569552017
0.346555340718451
360.829006984941
633.794655968142
134.104273157695
17.265691116324
231.364020369811
870.817847049189
583.5025070226
0.833845632295875
147.545504770808
621.005929433178
289.39517082589
335.671803028058
963.313077302097
2724.09211128758
18.8098521252536
130.673716413311
306.743561287748
53.7420584864579
5.62329871944995
5852.41496464753
1101.23764143966
27.3720181410151
256.059475894077
76.9618168299634
1609.28808408376
2282.76942526957
649.257946290444
795.087102788221
93.653048280823
632.635536506864
144.785683158695
925.622362491593
100.827638931036
1215.15860664637
758.951091491636
1956.22147730761
185.156132752409
5280.01045778262
1050.18431681864
6893.59429879774
3401.88052933732
20.3501291284437
4.57653383456311
221.834203486889
108.345442702821
236.333249445202
18.0265285896285
1611.29496621087
107.437151745337
6.05896426172292
40.1834047749336
0.66159051198165
16.1256839057816
2.26713906026146
867.656968073985
1.36457585545014
179.801195994227
1493.97506282249
1130.63272086191
1283.85916279999
57.1473582274565
330.072707263707
691.109724563798
3.49225009554564
2836.61830191661
439.521855947745
279.293369282776
3.38316594697672
16606.0109285123
63.7691426308064
24.367560796462
722.436221271386
2.01985903408359
31.3462686970471
4.59530210627197
3.42210017922484
75.0127019719948
72.6347601809117
46.0534093031978
0.165628443591762
36.0064764994915
44.6373127420255
367.533987333284
31.8402788262014
314.899208855997
0.305476271482136
7.01337842533519
13.5646476961695
18.4175797513278
1266.57404464833
107.247978323104
238.250937141792
292.651374879923
87.7804115595123
3.47206215978221
941.734035433347
2275.42055453038
194.642316205685
3197.7409569138
9.17872806277187
283.728487145965
13.2719116981594
7.82919395920144
1.04991493781087
335.930276022317
249.205669479489
816.813258686603
46.620360397167
16.1304729764118
689.113173172185
698.650396981761
958.418332700661
5.52382692065799
19.286535540541
29.9270823696159
771.95086724188
14.6139837047953
1.09003775153699
950.442427670135
320.919818735285
284.931597499821
53.4100152721655
3.36709119029243
10.2679901774773
1.83022639274594
7.20839544388612
134.934296692654
634.630792958294
825.658350630115
25.5263331514161
1204.03499115978
4425.16883942991
585.339604386018
1.24731933301571
10.413864750638
66.6833009953372
274.429424009913
0.0275751177695815
0.337964743389688
2.4787157775177
38483.0249064282
128.757458453269
128.757458453269
571.677474619823
4127.49490936906
0.299318586067321
22.437495403892
3.10130685853276
0.0173323311694575
9.87308305033948
61.6299792017898
6.80717145970892
614.67100891516
1.53701834379188
273.462161494611
4.56220865521872
3.71468460291979
148.192093907075
3.01996769517036
0.0127241074183613
1.26000455328673
63.7582598464934
0.0462364488256004
0.0523297609449156
2373.60433209983
3.79133044054732
76.1248281410052
9.20180375519364
5.70333405957592
1571.0822279335
1514.24598089279
72.2299433079385
4320.7209607659
0.0142344563584322
18.216696721464
2.196247206823
893.722217583416
27.8994682011305
271.173462601048
0.0194617704349105
0.0523297609449156
5.6413653403446
234.337020602595
1.36691949454678
109.772741469027
228.333270839175
77.5040006897694
291.176333237019
607.209407046099
344.551618827035
533.165406276313
596.239063222135
2.97906078053528
1.69169495884572
42.3004271823507
3.04051442862235
10.6933847059978
285.411051121435
40.8695726249967
426.1405970728
0.0891264406030856
0.383473559145627
72.6526506916858
13.4088386735065
110.535047522982
86.1692184461539
4400.1195133055
16.9060870455061
42.0563464585563
0.0142344563584322
2.85304422683712
223.778553923707
283.030059088535
48.3142167426723
0.120124432450035
2.91411399968609
957.421578853672
103.539105378433
2.29495265808822
0.0658907818907739
54.750499289461
1.03784697284107
0.527959599101118
590.809230920929
0.00727878744621591
193.557818326413
19.1513346105535
86.0594694324393
244.127989181318
1704.30313128122
0.981176981841266
0.850895119065033
1632.75723271892
0.552405052371005
0.449537568837942
11.3289797269998
0.159302215319164
0.516082037855024
0.494407301711422
13.5493756845551
352.349240552531
314.549244205876
0.0776612848815315
1.02350443508943
153.756868696228
82.3250311843377
16.5722189246799
30.020587219565
29.1895107233767
436.50885635757
31.4166870863094
0.625912682845518
357.973384122261
52.650057828215
777.574277394314
1378.56805263289
24.5112469059388
57.3445109850867
5.25131672351736
181.846009002981
123.064889787331
122.379355157743
71.2740634166813
6.18411693787386
2.8761035736042
0.877449042892721
0.821998471905472
169.581774802696
1005.46021804287
9.21756645594529
10.7829280279931
6.12411142102752
9.05738028578842
107.597873105302
15.9951833303209
2360.24175604488
562.737027670124
1.64548681594461
323.857883731206
430.160699894902
128.237817315037
19.5547359757044
7.3047555304348
0.0852948363302468
0.383473559145627
3.75528975703189
88.1511682976354
124.686594782158
562.238705997872
227.133125687899
4.0335342869279
157.371598154371
4.3996810440076
90.2442183480631
3.4435079210067
0.191502058429374
198.366656085351
183.92901925755
7.26365659455573
4.07724398645078
0.265373631260106
0.105574694196686
0.673843362331779
0.267118291695767
226.024643824363
0.420628672853414
10418.6803685147
28.8077492786622
15.2749529609183
245.148522945361
12.5751313522274
10.5020094414483
2.97648474423833
57.8116387397294
105.871595374183
79.4347465837639
38.0138319536602
43.1643892308461
0.0177696652253132
29.6848137265095
1055.0147436365
15.0429483699625
132.649556882259
38.1691570144088
109.294525083495
90.0652826559394
145.097087733944
0.131806652816697
60.6248136379235
7.45226946431061
0.318402073023656
1.50770594692255
23.9873472929174
118.005035097419
3424.34225319817
7.59525240564859
16.0929434276448
2.1466582771427
0.219545943180048
729.591319124174
97.083894758861
65.7293023572916
11.2402340251154
0.646933581265384
3.26533221392404
65.4659693004024
9.63490856084652
59.2576091092198
35.4222937359099
5.02019379797532
0.00750554725313846
88.2653530997147
88.7362301547751
575.064283253313
5.11883294971643
393.941960636897
907.003566591218
80.807478960714
16.4601336036587
1.72441599821021
1402.54947032427
52.6448460956904
3.44787833236106
38.7685735531015
3.28186002678904
1.26021587767573
1024.71697123743
5.08048647023194
1.67366570130859
13.4037009046254
27.3120295521733
25.9543233878143
244.032555344184
0.567331181181358
1151.01693687009
74.6983591889745
23.9572730010525
334.329021146914
3.6055356036059
1.30247707694533
0.9336202635798
82.4210398031549
3.79372170494899
40.4901659363283
0.696721946170573
93.4713885548117
325.55009093923
3.87359281542441
0.532051605334203
4.71320943661809
10.7570452384204
0.448568868092871
47.9743541261326
3.02817381467309
0.0560609381954535
1.31206868411105
0.152232048269568
152.78753545432
14.762975705175
98.1379988475066
96.2713545412056
31.2343292913675
1.5348053278961
15.1333348683982
98.2451680546148
73.5530881450586
8.84740091618729
0.886928031681915
0.160640518111598
0.484396561244042
3.15527323298612
27.5745997899737
9.9518296641374
16.0066816918424
4.25980143308039
379.803323311134
2.80842123486467
228.571406239748
0.861528223270403
0.827810478152972
0.403994062438776
4.85740059377871
4.44572723228318
4.16893089632838
914.95183847176
4.71922734276623
2826.17431522511
9.76903972955131
0.813868264533074
0.147657519300562
15.2550419139513
403.54078629869
295.49069572276
331.410844751577
2.40128193127569
1.19464530859683
57.0794445452001
13.6355098358155
264.063358967829
3.40052724507681
0.589724913047434
3.67447389508282
689.510003864872
4.81351337625783
24.6506731400473
197.138492453884
3.41857974102948
6.26023731862571
191.475801771143
6.15555831246292
15.8644735879261
539.748918605161
297.865866531776
221.582716452982
1.63974734334766
325.456891579578
0.31308769198033
809.267787501933
1.54569143691385
0.611534294034573
2.15643693679667
233.098585492446
6.65022809658847
19.2812224247574
2.58553834008542
0.815671397247641
589.95243232044
13.4938309813483
615.826019626612
0.64310626688573
26.6673711072304
112.036016795976
1.37383418378955
88.5636122570705
50.7911253667238
0.558480108002686
3.74612759825964
4.8303839611124
5.88637224826442
0.245303707350835
12.7512912798832
472.370392375819
1395.14196953178
0.900751423362329
20.4816260908507
3.04051442862235
262.28798737521
0.521165328737341
48.2391684056189
12.7552272903901
0.215062402979818
3.28936001320583
1.41419359694715
0.589878122463204
0.661119488280135
20.0421776739711
27.742972722839
9.93413677204839
1.46708131190822
45.2742400814852
0.469139749349984
0.0194617704349105
0.0255676450433688
2503.51387372687
1124.6746482734
0.707421216126064
1171.24304945062
1.50865372045836
5.85620355587937
11.6860324212244
0.0177696652253132
1.26364567923561
1221.57699855584
50.8559510394916
232.540755206929
0.310097261896706
109.402252956584
393.701771580437
395.320024262053
3361.70451078579
34.565732669578
341.307094906058
6.34660946069633
456.523394507845
0.90699687675636
617.329032306733
444.675885306265
1118.49880798088
152.603228697321
0.078800018391227
635.073323131221
50.894971152605
2845.87688121689
51.4833467398195
1.93687360034194
8.61086559542329
38.6815836857671
0.11804719945214
192.372845156885
437.577652117442
185.260394851212
902.188780477818
28.3406170622786
226.117191081244
2.95745972509031
114.912109177033
1019.46478832869
12.0758048989454
27.8676741785531
3903.54309909951
76.6824857634115
769.528003202622
0.105898304939345
7760.26028905131
26.572983582088
2515.55468987524
140.238365330461
0.693501701293968
20.7121124276251
163.488378221405
281.841851431291
0.461202019254303
20.0075783493513
10.5986271216193
1076.42617221004
601.910449705948
591.816142119823
114.127138991682
12.0433322909063
7.90194306347327
428.308301274718
1409.09679742175
14875.1387400789
16.2866915042491
1.38502936810969
0.206882028748082
117.589898622336
296.717564521769
249.59762251114
244.576602532178
44.8299450483901
8.7928484498367
348.365581399681
19.9364270454555
1692.75516687378
39.9133427552284
186.679087868555
144.230739339416
0.123822928664354
40.3092598530793
3.01854377490662
8.21090284981677
2.9181351587953
64.4958802793336
1862.78105592917
545.914129800867
549.508676349899
412.489573834482
181.333378376637
1897.76505521974
0.237962835870305
12.0116765140149
91.303373708556
19.9666564823021
6.89485350223893
168.822819024394
31.6833435098156
86.5306932031907
92.4225989109064
100.49695891205
316.305207752373
824.960944930424
377.221506595324
681.276382267363
1751.52457186827
3924.48674009903
194.014633683107
180.206896605931
350.954620630871
0.343568582538849
213.999229850187
5.0870832491223
48.3531616972347
7138.42244504564
5814.15754178261
2023.69795939291
0.727982360654841
1165.74617856436
7.02592488071605
78.0120752898941
891.256935313565
486.202831492506
822.195587125511
0.762227315404993
59.9453501913765
152.332865154408
128.755418332831
1459.44495785028
994.761689649806
122.674489761342
49.8382225015787
432.617418869772
4.77760533296428
5.97007355609952
83.2076685640011
0.909319790938288
72.9826520808261
183.062540377565
55.1112268804754
57.5693762747091
181.632783282735
67.202130090202
121.393766031239
152.747550127409
707.373217544592
25.750967356392
8.59019692867773
1298.01300800272
28.3099234564517
24.227431255797
0.978728196012393
1.49172483807389
1.60689170977458
0.0843803865276902
4.46072098631051
275.263257487889
1733.95736376827
313.930071290463
48.2956272999619
1411.91329217515
1411.12041834945
393.273302937071
3.91496191250152
8.11084033712096
2.13039634906907
15.729510159204
2.78753381098957
0.357794495464497
39.2593048667145
40.3706700455566
1.65348605448965
2.16817770389176
15041.2251142767
15059.497154846
343.959455160075
7.65312453646749
30.7806259937211
339.405518554041
2.88357991830647
19.9234694122845
1.69950858288348
26.0103092322998
1177.62015648113
37.2859694950622
24.8966084025536
1.07500525168472
0.632745318678875
415.705669045014
1.43420020911979
10.7615198434989
268.703256761085
34.5746718355856
0.752783966270433
1.69846743735393
1878.32173654229
0.0142344563584322
7.20327159791633
35.9273345432583
66.3577343533151
1.2116144359751
0.0831287011692325
1.52159197261644
0.114276474264298
643.865975989435
4.51631261848764
15.7376440931574
1.43882822862038
331.349527664583
1.03246954731531
277.546146922438
297.98389637436
409.120398882918
543.869291658845
1500.23505909125
30.7697904380369
221.990068034941
145.92024754494
47.4827742735399
3.62906848206579
3.2121677938633
368.988785496801
182.118797593652
0.722782530345103
304.398522237871
2.40152458073862
85.129068216619
1459.61206430764
0.926983288889965
14.0931075786495
1197.12980009704
121.983922721768
520.851796051585
78.3264129950891
784.27430489846
833.847316444678
317.342726449387
6.97333719632477
0.327154659216342
874.231631402166
109.814583844288
20.295009309658
24.8950873415052
49.0000789544136
877.772199626648
92.1785940307143
22.0121545795245
49.808629658204
287.341682682806
77.4751289367937
4.13030307659564
659.505658999083
0.736247407569216
9.55668745270007
2.44661943948761
76.0909024779849
60.5882558159207
185.858073268273
0.152232048269568
0.747420436488022
4.93425379344209
20.3083138335559
29.7164208089828
2.23404219121149
1.78876139994438
4.09663819165201
1.71178022418041
0.570530508564356
0.928253260260239
19.4809772985989
61.0601735584543
12.8148468147889
3.1336942793793
3.07038290239109
64.3078021617304
26.5639662775629
7.08256833339308
35.3194806553954
7.81740923143136
0.438110439926761
263.196990255547
1176.58137744736
12.0846522785456
240.281727755159
1.61650687543291
156.716347464343
225.279211554958
164.138295193113
2.66484782233032
45.5050928395335
0.375065907598839
62.3075576143778
349.336033412875
786.045586258286
0.80001940109472
0.974413134314687
31.4525264161333
16.4870753620991
93.6027097186817
6.2930190999065
0.167201905196895
2.83973691953484
1.83432367342161
63.0465719383482
0.394571792425409
2.40653035619012
12.1625102344675
0.42623882930076
3.04718303936792
0.514971973220937
325.221477700815
723.373538147332
67.0751652414702
536.784059383401
158.561843492363
839.356160593312
78.9576851025451
811.352790769689
6.35637025236638
178.887874223493
851.01268207073
24.5565147675419
4.23488808915902
1.77237119656098
66.7072648419656
1048.86518273648
54.9011015060703
6.04295955500423
80.5509070189839
272.23911581517
72.2626317423008
3054.82306095865
6.24412204948791
286.029873898117
264.419355203366
0.939607019942661
2498.48309409646
12.1478862038608
479.352668977932
1.67266062604507
224.367966023116
2545.20264724289
5.35152823132194
94.5877133808155
1.64999924604242
447.019357278625
14.4292530835346
1180.73570516412
1020.61262133388
309.398468074853
78.0082369236301
11.2161138560816
119.159069688987
1353.19226944981
1353.93491343138
7.0262940712677
256.798570808515
88.1470079919298
208.797249338098
137.177146595071
778.771030116473
355.776169879736
0.170418421820194
66.8152807111738
3.38083214907657
220.971300233238
1.28580311599545
0.462215870023773
0.0238102927847696
272.520463258837
240.373480489623
2911.0821824466
3654.79198391164
4.91050201725999
61.5485875802327
41.8310305672769
13.8716884159407
3.05970250769497
217.449317852352
224.53575842092
346.579886697313
1.22585236166245
273.873531765424
87.5226522274528
303.4990660206
3.64664579140994
0.00750554725313846
84.3549605772985
46.629003441271
749.801878271683
0.0639419008732025
6.15275910425427
1806.13081609599
1.34021254770169
14.030359366147
0.837961487388107
43.7289140894055
14.2121244936534
15.1211199490233
0.0321129590797788
366.088745533247
370.106952888136
7.74442904053946
51.2282429322268
37.5343178709725
4.45986730393896
123.140177649581
0.287497002617205
71.2544593398401
77.1613615893749
536.309055573255
68.6900952648558
334.1529132465
7.27922571745048
3815.69174086193
743.909123904334
1.29045134351126
1.97463724622433
4.26373749010234
1195.52457761017
0.55486596161424
438.311483600174
202.433385324161
199.239833921402
7168.15911683422
7.89055989708966
7.02974959284808
1.30163952980238
195.275123205437
1998.94298540816
432.718249103726
1191.50290059781
18.8934454158876
58.1056655484079
4.36180543074042
0.820930229100185
41.2314303797984
0.0817548699975683
316.781622079636
79.4422927412509
14.2878735819592
32.6651555044856
0.0445531992097405
4822.57479479782
0.906310910839771
59.4062462070989
0.593531101160432
0.0275181389529124
43.7168774861934
27.9368384552886
1154.61305636002
1.11002213296298
41.3149323465989
4.84751681825144
0.612523230617409
30.3106299672713
0.4622735757425
23.280887507817
43.2566756586004
28.6413398585452
13.0118972485831
364.49604833663
32.1772637182047
5.21877129704901
2.14191260970249
72.1805327575845
19.7449667960733
0.936176579379481
854.07073880061
25.3307219875702
3.14912021522431
0.0813309221286369
50.6205493347533
2.21722035752704
33.4920085770378
22.8830981833632
3.83166140262832
7.16086482441432
6.75926659100832
83.1657857771527
85.0951225841724
0.303711267929464
2595.01366988295
0.15548888429006
0.334429053802088
12.7010132071522
0.421849619452123
510.41012889579
581.341609993155
10751.4607137918
1351.49899858424
4.37262674345299
93.3603099211927
3302.98950377182
337.746343874129
106.800524213777
335.706100117531
17.4700099342453
123.418606571948
1258.15555792973
4244.17568951822
702.641877086782
9.94755423902
5187.08874958054
1.34572269518522
57.6229058077854
2292.79378029122
164.730178019001
4859.65607765098
4529.33874360049
22.2154042485428
115.058215730824
4554.72986401602
2954.29260023306
23.8823926645404
34.3614033640189
1502.65491664951
3.65450168670233
0.416275542010741
171.041230100634
5.29968895350996
412.650315706424
1251.11272849232
161.125404043332
1308.3242077361
1063.37982713654
531.596740984459
22.0387844391401
204.227388452619
74.4047452551065
1807.60023636427
112.928280086957
600.519239850022
7846.47368561162
61.3985351556773
26.8013425371645
3946.9817902543
25.2696120165325
3907.97817873007
43.4158394404601
159.581920362984
3194.85230539991
4.42231450835008
795.424883336701
1776.78742703299
239.376665357395
447.925636698854
257.330635386165
174.45035378572
0.469270402921328
21374.545891163
3.97709499484398
170.656974355316
19105.2651144604
230.353771213762
372.620338691063
346.107352163371
73.543497311421
1050.78642194796
740.637007991669
15772.3939276283
15835.6572968622
85.3098730268347
1278.18572828521
487.601350131917
40.3916830503469
33.8890968392861
166.97105602689
62.750870893909
180.072343353593
35.5717407920566
202.243480243677
2946.19496101916
439.031973254289
538.070334522309
10115.8685197246
164.277702789063
183.776050269102
61.5499616071493
2999.30916965096
28.1104048474528
170.235209725125
1762.29966073423
121.757328652766
1316.89521084602
118.766418323146
2.66799263144166
6.64921176707086
35.7344003011883
1553.04475169806
432.099575669954
9.83648247068755
275.757849564982
308.262526587836
52.7624288488362
83.4472190196873
7120.58774876667
2921.3106082741
4754.54763809954
4.86723822709006
1080.21399366806
2621.29251012401
25.2057184065416
33.466215175197
22.7686836152939
1644.75020516986
28.3263207536359
44.3836709146253
7055.03144722124
1165.18575693186
54.5599600376003
6.4662245360596
682.150218560513
8546.98917721615
24.4753609965505
11.3252597572219
116.182177430853
58.9588571126759
16.7976918884545
29.066053452871
902.990757547503
939.772072739924
1990.10129291229
7449.91086518461
32.0924049763607
555.015430522944
19.3783730078199
959.914669299418
26.7038358838557
263.124180606943
680.934627826066
532.688231299701
1441.6276544466
136.5235882486
264.842812709744
989.695762094008
138.634033495984
0.0337286390682312
23.2259506890098
265.019912642427
0.0712771372973913
17.3466203379833
0.19245514178952
2.74694688471303
0.798214460897755
299.743215808414
0.177709493212248
0.0462364488256004
27.6574150366634
236.846160200585
1.54494261952696
0.00727878744621591
42.2606201354768
32.4524536949631
1.3459644586377
1730.01492521254
417.051553674597
52.6159620706803
54.0967954268093
4.66770031773511
5.66658559223372
2.73692372485611
1.34243479419657
85.5264343118287
0.065385196849028
0.0658708083154307
10.1300949794963
1.01160333552977
8.83561314715153
43.0848613689007
0.0142344563584322
38.544380611674
3.72301412659715
0.150848194855409
37.2718182526388
201.48093585169
29.7106577094172
4.82170171104915
442.279607923275
3.71481008056503
3.15130847225476
3.73432218472194
3.57894221448833
6.53464169834257
3.65106188478021
0.39775078217398
2.48356025094221
790.092196629313
1169.09220331654
0.0355065506837651
2.75005241527086
831.230969490371
1975.52121508102
0.46157155274299
33.7404342789475
0.0208188850187478
8.601407889623
60.8516282271729
36.4534489199362
3.61004814864989
17.7375323869104
0.0278233926179094
909.820172864585
118.166639541605
19.03605104883
7.38027798620621
1.37256502608764
366.314693448571
22.8310246145667
228.377874032056
236.284789890011
11.8227337576273
328.005983267421
6.81384585110137
0.0402852652941419
17.4193757983962
220.284176888599
153.473922501515
1937.0690366642
17.3019166352759
0.795153022442726
0.62720113314869
238.906060961081
420.216335121484
0.349923260937567
160.193198666976
113.425088341761
2.60089754045007
72.0726330032586
8.72523169703849
835.567815412099
117.748192880245
219.459352499197
170.528199630243
34.6602922339915
219.99003516793
18.3841138201684
0.718606121112104
7.63166944801954
19.6428999118847
1507.21203937253
102.080423870244
1259.42987291986
338.557065260247
12.2590535172031
0.0142344563584322
8.55439148408662
198.007571005103
4.03014746408787
222.322982411592
45.1876163223514
807.122087865187
45.8451531111673
7.72767685487095
0.528508524122423
148.596194048719
522.412957083759
128.161370989613
793.452343523161
265.023693661607
30.1103490902269
1.29338064126543
0.0523297609449156
302.501247626413
0.299318586067321
2486.62246421094
124.095072626679
186.569877500556
334.075649873359
165.249395813541
33.5323203692818
14.3653898592065
9.6228012645617
0.892461815407921
327.464110908801
2.67056070898769
408.828963116336
229.994294852764
0.13726047396635
21.5393916377762
0.349061435501768
8.15562812865765
11.8302801722544
349.861099977677
43.530881626858
0.00750554725313846
0.0238102927847696
1.36663238385993
0.353209812672763
1482.6256803401
128.673223389398
1.2361483327216
17.8418796167942
502.84504874056
89.0104486083459
313.284042503493
54.9764578007609
0.204823751790769
0.61747902062351
342.306949485881
12.0921976507309
0.339072821168085
1.08635443847279
32.4166179660575
295.327503571833
0.478083674001587
1.89423501076272
119.842222939557
0.723591701338433
1158.54870356266
0.511599251436698
0.644991089818442
30.8556257457196
250.027140035286
323.888571174359
60.2918679896489
53.8343467440384
5624.25470977405
1708.2455205068
0.219501533911195
129.959826555248
0.00750554725313846
20.4744022673887
13.378119004135
961.669842601285
205.224176334995
81.1191518610365
8.295955630336
0.56782915084204
8.52498938987949
86.7197262878761
1622.02948122621
289.817344464487
0.0523297609449156
0.00695732118949377
3319.25949244129
0.0282483229532073
17.7375323869104
399.133295601279
19.0925495859312
55.2168015879486
315.227718846857
0.592874254505362
0.884548844030636
93.0087227182766
18.5304368070477
3.85757568598593
68.8825855766418
1.6855836267539
0.549187655299721
610.18133663431
1607.38672213366
5.02482189983241
25.9830571536004
771.146412932953
94.2297674678466
18.0812152598864
973.007958959918
682.53381909889
0.455217942988098
235.570062240748
216.202459014634
102.201185583207
2.73361633923951
0.715891851245311
1.66655078778308
1.51921167143569
1115.4843597505
53.148212937286
227.892299722063
10.9370931836149
461.064252425841
2.06033009791569
22.280788851924
150.998744845201
104.362876355381
0.100598622056921
67.0780014487131
9.89808688904964
177.638581134262
53.8156856104048
4.95721045743191
0.525572789213026
0.379014101343838
0.432998282086204
3.66340678396477
28.952835390412
15.8000349258209
347.958258689478
1199.29854276498
0.416113556599702
11.7621583803479
381.117636151462
0.766000846588005
0.0243717292268069
1.97372611409074
24.5702095898783
732.46445350606
0.413594347218588
0.413594347218588
0.735722039318647
278.631182551496
331.064184441132
72.1097237066996
165.5535365676
19.3307698834176
980.472106851705
154.830634403641
64.4216653168151
964.011748010114
26.6072031195011
684.646486184505
50.5839083587656
757.644619375595
758.244212721279
178.934662621658
422.12971572114
432.088069974687
1096.78712482037
166.184184192403
3232.74499155143
52.2242077303359
0.0523297609449156
49.7559492221646
0.727872182723309
17.9760587355524
74.484873098562
0.132477153351916
45.3805517320275
0.544581773561124
8.15249979277486
24.9864656461917
55.1581918808415
59.967593605612
617.319667451229
22.2970565812631
235.590387196358
84.6210722734443
0.619309830373854
274.63906066457
71.9813396291729
3.60300773713631
0.436253020986177
0.105574694196686
48.5636305218285
1423.83173370263
1423.83173370263
748.617797163594
10.5200947400462
35.4133676634953
249.993534508639
187.28637575712
7.25545764405884
14.296925545064
864.871714447091
796.907354229004
109.653442436844
0.562153033950978
10.9717170107228
13.2090502011812
4.50349083763803
133.708767852302
907.205594679398
373.941034459664
313.657364825386
227.423998144035
2.89032920877562
493.707102316472
753.383932856492
13.4365541293833
1498.88915156288
5421.06130610055
2176.92987240018
288.899266444772
520.485433288032
92.1967828811804
23.0656748638842
6.3605512265752
849.944234436888
1666.53998669138
5929.35648681936
2.55782122333644
127.953948370608
2380.93664962639
955.014235628326
3750.44559403419
1648.71294458567
27.5023850434933
0.134693633841753
35521.0713113974
1165.90428302139
128.341078038545
300.787450107388
30.2029457876322
119.2788712988
399.146513643476
297.200314463825
3859.51098866213
1736.92048213235
73.5466459729731
243.714256482073
214.620649862875
166.03682206757
68.7371317307585
260.255462266445
1.15675921736694
38.9049669698632
95.9525711652857
203.525189548548
888.146742925954
158.468883622
7.36081785311053
947.516691657109
56.2725748187759
7.99299788856399
445.252611857053
20.8572294904805
256.141919544331
30.0777689870842
688.378533017864
88.5837968650165
683.921382877463
70.0175626300211
29.8080220141468
1112.04866671295
2739.99257157557
4722.26859714227
787.783139195508
58.0254963707928
279.594840219491
202.84889115083
770.350750294841
770.805463184876
45.3608846063812
2399.97700919668
5.94606614827254
3331.42288920463
1064.38434323718
2.38535674823223
641.039122518423
3.81275812446621
99.5295335849437
361.844287456154
10.742221970809
5.46570822795088
307.454738819509
589.819494767786
20929.9656615555
8189.75954206028
139.661736491268
408.396914435223
58.7487195650629
177.260039950267
323.362373322107
0.318273705788203
637.286482929395
73.0897626552687
314.989919759419
44.7847765429118
469.365729188732
10.9784337454984
434.941631368338
241.657784761329
2767.87923669817
12.1182046481218
23.8262603193405
17.671126984325
18.9398166229905
660.025847885897
19838.0325957009
63.4404412696267
617.309452285069
6855.65167511311
12337.344537371
1.63841604683944
716.923665899794
230.737302322512
24.0921077690793
11.5850288944433
100.564380317644
8.76685758641916
339.286752838997
18.168560145766
530.598037785674
0.0499679942200393
524.71865241532
1861.54868496087
9673.72266211762
1587.91876243289
11.3343884367501
345.345947980054
5.04389530452693
11.9130090987183
343.854632281617
92.6439059641644
47.3816987402627
1.30236810065819
129.708689232098
18.0498650076014
1.27897752714979
499.838278378378
9959.00913882061
13.262704154963
250.864623013718
1539.67072981707
3655.94454764094
922.596479188663
201.677264795745
7.01265044966832
0.416854440692462
262.263394462287
437.141612492674
3976.41112446234
102.939168478124
34.5556395246107
30.1028262114556
26.3540851834965
2152.29785449738
2196.80840052357
7.15310433123785
377.382135450602
25.6059715202545
19.293597926534
2.24305205744556
244.541146720122
147.602893924294
15431.5942151713
7.25896529301523
972.682698155858
724.275830620392
443.574588948965
2.50221308162677
123.106939587238
317.426212380946
2598.41105755012
226.722731393411
3510.96091880706
148.133437696644
3990.76532525004
28.8746471761283
307.44746534446
0.00750554725313846
44.728003805377
0.2152121755053
9.5433252684187
0.705276559318932
572.314064612364
371.241176263316
5.2262616204161
1142.24491664089
330.933977492924
19.138168513563
717.106094054391
590.802523613837
334.045277695752
325.071982759803
756.509134312987
132.731211835274
12.2547297580729
62.6415134598378
2032.10429804668
21.4395524282904
154.447883431711
146.16461478102
2345.96650839842
1586.00970270079
70.1603472861156
1.76914307607286
0.265373631260106
28.1708837408668
36.5734960259107
14.0125595153004
47.2477881493181
211.994304000725
202.323916976245
15.2799127748788
4.31018940272228
7.7836515852112
185.408440578076
0.398960949113565
1002.93842806729
1002.93842806729
1008.10967068104
1306.13999649278
2514.98566406928
392.06463150757
2.72441955362363
0.0730893057172441
29.9521721497573
30.9172493340624
14.526557042585
0.0741947633936979
853.307420649711
9255.59176631055
11471.8461474558
375.875311062739
879.955876923641
0.011844952642277
56.6036981546495
42.7385912374864
46.9840590169853
3.78758595280899
22.1695444639856
0.499160632434963
44.3417169745304
16.1294858117225
0.0117397950698934
1.6303320691343
0.959099845205499
2.00741625338932
75.6807469939769
10.8484662235429
0.00695732118949377
6.39159101565425
1812.86937411069
7.36435367908324
203.368772562357
1072.87569725174
8.28873648735441
3.72634287291808
0.299318586067321
213.222877100808
361.782123966131
355.948374562075
0.924352025792507
0.0891264406030856
24.5735595387943
15.0107154809559
39.7234965404861
0.262737093613449
299.727410266122
119.136525457239
0.0414556795935812
23.9147026384899
0.8027695695341
21.7141325960633
948.170962121844
2.47808084255129
163.786228268239
8729.69081687097
29.5177737561455
2.88894861262987
23.5121392931681
0.141187855292363
2.74548857659088
15.8053988215476
1268.05551966102
30.3003372227519
78.8671312001989
159.687931800513
6.25612722392129
149.786704142993
8.05907444408529
0.258084559990825
1.12683603567142
163.354795933701
1504.46836609285
515.879342434419
3.4909546064887
31.6399717518754
1.79673742389825
0.0177696652253132
58.9395920093394
0.109584354882778
985.513562827211
3.7710757072669
7.55246673490854
212.428682969256
1.08169875427657
155.219629635777
7.47475816347537
106.745236640708
1.37658374068826
17.1649136380524
51.4620598395526
1.42976088890677
6.55801887221765
156.379234085199
0.455145482176848
12.2078965099116
2.75139364035504
2.75338036893257
0.256607271646427
11.3267580209581
5.89111606352999
7.26905398658045
52.1644223408337
0.274075647342855
0.713703282668077
4.3605486509123
1.4006221713446
3.90885961682339
1.82443747909195
0.0133240785680377
10.0443031164048
0.756005024920551
8.27161827426402
0.274075647342855
481.48646830061
1.83231149851529
9.11708286555314
3.37916778371927
64.8887335713959
18.6536036997408
1.37510244935021
14.2959916873525
0.926961943646123
29.54888507728
7.28825112045155
161.616116148964
55.6770016079132
29.4014489341469
52.7515274204878
0.135571890011094
1.19452625746327
12.5893236031351
0.0300376239309754
97.2175535127877
119.621483342912
973.376266583811
162.750907028846
12.8877782983134
15.2216582487813
262.27619367405
63.6178642896784
355.987150350356
168.086127304775
2716.14170472235
43.7851710769737
174.813232724746
460.044504878963
0.728560018951348
71.9586917285195
718.798673646635
91.5939808719571
123.300318583434
18.3735871324763
860.997340232839
194.954276372765
0.20665648668811
80.5991804918922
6.86735062190852
0.480809365938874
0.766000846588005
0.619915677461989
0.766000846588005
7.38286369478788
4.43804493759798
4.93888511997945
144.714201049625
2.31952128549388
3.0409568037953
1.35869085206176
11.0783891083398
0.718488877664249
0.444933911279759
24.4271552690954
0.19676534372552
11.3583722078734
324.088298512078
1214.16728742299
424.265023430537
90.2877794879027
378.004229798161
0.395383028475986
12.9515449562909
0.0981743783482045
0.303459698984488
1.67599274335507
0.634313586073188
26.1597410302595
154.388517981358
0.376207627634233
285.148460580727
1.21494763162156
30.6265698638345
405.117968972463
4.31609068676881
3.72485528996023
206.609204260661
0.0660495511304977
0.647764480223802
0.797110537766172
0.478542869752426
0.639659404170679
0.637161606003429
0.769722291066926
0.00695732118949377
3.72603866801412
695.502233999608
0.425290260394115
264.425646955782
173.260099743492
0.588982628413649
0.904442892095761
346.57406475965
748.842295940574
0.390980615164873
0.495522263299053
0.179136556400171
0.362164236978046
1250.67615890245
1.13456753881439
0.983521616654601
0.403933448186618
0.518946824539928
0.730792782420868
0.305476271482136
0.00750554725313846
0.582710351388172
0.61747902062351
1.27381141805587
45.8014102077749
46.5491941678931
0.0891264406030856
1.05046109340075
0.0177696652253132
10.0626720264873
363.887397613318
0.238200225392482
922.638815803091
0.161464765717259
0.79209686567635
0.0523297609449156
11.3516744304564
3.34916293621368
282.272767615514
0.0667975899788782
4.76196769975841
883.795371310619
869.076135450986
171.309820763111
3.80578500167716
4017.13346887938
0.00727878744621591
1517.4016682942
35.1469149836398
267.340613165003
186.018596744821
0.490493266411879
1516.88064956097
742.67821007879
495.263612580883
357.058317800263
46.0273527597159
13.4224437035569
123.337820772316
96.30038449452
4.98426028386625
0.844784461235578
0.255617723378283
154.261447911408
41.7358073554625
150.637675239443
71.2872622364158
12.5351715732625
1367.77692670681
323.212737337042
189.720141139549
14.5598153641973
2.40344522841335
3.27371843594369
0.31094960186896
7.76275190041386
233.298636670278
0.216810175159703
22.8165873204239
625.530202251116
1093.8823866535
161.436449398867
17.8015832855592
54.3409638136579
0.0660495511304977
73.8013428998834
313.167946286503
55.5012880161055
385.749033060951
142.859388867844
1316.5741093567
0.0880043091192053
0.532633149416795
0.851750464241758
158.1436646356
686.07539261467
685.845875106912
9.12773843465546
87.92321670478
12.2598153065631
46.7049099604652
5470.97432973863
9882.02032502867
61.0918877064918
524.034003057629
399.389536986244
155.167859065279
1045.11621412337
223.985018897726
2025.22450686714
549.69608115806
8340.20057101789
620.741521544097
0.532019599717351
559.003822409189
2981.90950291442
161.492871508131
2386.29642301001
221.18910913291
2138.98043536619
750.165850767935
2419.41718385565
225.681896463032
76.7704383221435
12.4165800326053
22613.3711972491
196.323041024354
766.566881671984
203.376755012819
4971.68424801998
19.8095242871102
184.278967165394
190.058184770844
27.4046073448128
3.33522952993856
5911.79766189711
3031.73377122489
1301.84129189765
10951.0912602166
240.95055303996
3.5905831047827
698.030606164532
5130.79098339361
411.09817490209
4250.60648227425
1006.51578312215
212.906479388624
39.0934817665544
933.934732898929
11429.1533357103
16.071849605291
270.689328975272
1865.67618007465
1.26655548725641
6324.11536858403
96.3564501922735
36.7765552681796
30.2982229506906
4974.12985950256
120.934527916325
10.446493171285
5.6217531226156
781.27291362998
5374.936524886
14245.1542229239
3591.11412540703
287.921051218689
7828.03787970019
139.856656129792
8.19067545192619
189.057882317992
146.052119705447
22.5116003950808
1492.41378304153
1377.32032788613
185.191678283035
259.139114794628
36.2255461394422
2831.48236779937
1207.03869487919
196.50799718823
301.486050046936
11.8559575109434
27.4481041269103
169.234633964766
78.5342966594606
113.795846051316
3514.24696121797
260.124458531285
266.262649370673
4.23239492689399
59.6925473859952
65.8106472268216
5829.7619614699
1319.72136607692
316.340576262103
269.757154784834
3076.8846015184
5810.64832900765
4452.70486841876
9.14380512221608
503.608594895285
7482.58405700616
5321.60870498354
257.139749187919
2274.61793491273
146.960979486188
104.891069845926
10.9248307477258
1.22705326290442
6500.20782874015
4357.86930633012
5.22687014503302
917.723909661706
193.77326042029
22.7864527696715
0.0238102927847696
3059.55116846945
5.5032069520858
788.572910634529
611.966583449434
81.3587608846293
92.6536385440821
1997.12861559398
186.225289902725
1130.5011422438
300.910446910449
454.397245339956
396.602630754577
0.134007136758692
21.5902594925045
160.524247986051
0.198096753096802
176.242517802204
895.099450778265
27.1466122546401
13.9435992751789
836.537661378618
312.077825950365
5349.89217125926
517.175732944021
133.178285925388
0.314452171268926
0.464740494170388
143.663478150909
17.7375323869104
0.00695732118949377
0.00695732118949377
0.0278233926179094
0.00750554725313846
0.0255676450433688
0.00727878744621591
0.0177696652253132
0.0238102927847696
0.0238102927847696
0.00750554725313846
0.00695732118949377
0.00727878744621591
0.41398472564688
0.0146624834215137
0.0133701673885938
0.0133701673885938
0.0194617704349105
0.0194617704349105
0.0462364488256004
0.869875222382506
0.0255676450433688
0.00727878744621591
0.00750554725313846
0.00750554725313846
0.528508524122423
0.00750554725313846
0.00750554725313846
0.00750554725313846
0.0278233926179094
0.00695732118949377
0.256607271646427
0.00750554725313846
0.00727878744621591
5.60431678897925
24.0264782509019
28.0739210504445
276.364190255703
65.8072969940336
321.953250597526
2.25073041985811
8.17463906377147
82.1828259454553
1.07536739575515
23.3398069931796
1.57424919643453
478.50713631683
21.603516036075
4.03609481656973
0.412391156352759
134.243013939952
61.6247710966337
60.2430113715924
5.37963582816837
0.216275558213552
4.80048879869781
327.872959734348
6.46234083351363
32.2836003685897
0.493370745197611
3.51179189940748
27.4505969718429
0.125098819802197
14.7851743024058
0.345701685981469
1.26769416545277
7.49798687382173
0.0157753451021516
30.6868460333659
61.5061372189256
0.604531796664791
671.13837660342
14.183618478357
10.3372182728929
1.20857157550429
178.33305136654
318.165834825652
153.344140767504
18.9099013651819
0.936362834397219
0.127116191765713
10.8383435833847
2.55706644513061
1.43385368864576
7.28825112045155
0.342813643136278
17.7375323869104
0.265373631260106
0.0133701673885938
0.0146624834215137
0.0720689540101811
0.0173323311694575
0.0720689540101811
1.01013638692183
20.206929092661
21.1645559810651
99.9750090524129
235.789164461071
0.500738673555564
0.500084026150226
0.0248558733335236
1.25750786440415
5.36284905896434
122.064169107752
83.0845365166794
0.791655443547083
0.152265245364245
0.299318586067321
0.912000071017683
0.665513377781339
0.912000071017683
0.396197350662936
7.28825112045155
3.04051442862235
0.912000071017683
0.912000071017683
2.97011143055653
2.72918777729214
1.44253164856356
3.04051442862235
3.31495820149536
0.426520706109557
3.04051442862235
0.912000071017683
144.341007993124
216.327918205898
0.907373094867081
7.91045429235287
14.0050414709011
16.9077811474225
244.653289412796
9.81781392686978
1.66231328341665
2.08375032392414
2.75150154820561
1.37144445051146
1.45804938724217
46.1058039011742
0.185331242200714
2.61218399805955
76.2357177761991
7.92688500682022
368.468889999344
6.10732659228287
77.372386318901
0.330198012700705
14.924035495125
184.005084129173
39.414664022658
10.1854414671104
2.96257231456151
0.454848960832912
0.0204793537656072
0.0552337563345069
16.0964756796343
0.256607271646427
0.0488661937634438
16.3523818370151
0.120730477979839
2.07960348727853
3.50726645392196
2.68819238781319
34.4665284953678
6.36675627773135
20.3258768100543
107.933767199425
181.816359839861
4.07800201479966
1.65495797569422
3.07660686786206
2.04394079600029
75.4838119319261
7.28825112045155
758.654526864739
10.0336194386727
12.3720744776003
2.99086343801504
13.436192928908
13.436192928908
11.0743483572344
17.7558982074838
16.4892999450405
22.5188591527385
157.233186435414
4314.78211155456
653.162545860822
52.972728986127
595.282236977388
7367.36714277291
732.449803831366
2.23064483991713
940.51045333829
608.977131931895
0.0523297609449156
762.966645606578
0.0462364488256004
0.135368167227613
45.5177451080004
1.80311745705638
1.44574150951157
15.0776169100287
0.0321580620957003
28.0075452903373
2.22641859860282
0.0891264406030856
41.0254949539665
391.66838557573
1.4418768217563
419.890132947275
1.84065734810425
150.888912967608
292.7191752576
1.29070294356512
96.1021763972928
506.411257404818
2332.8631858904
2.55727928157432
0.195379763209349
13.3437179622764
61.8585914811273
53.2386531575474
1894.78162875315
105.076875491077
0.0523297609449156
14.5303760895272
0.71233069089349
0.354872277674972
115.082695910355
0.45641109059998
0.0238102927847696
20.769023206514
81.1191036366786
163.90448347756
211.599974790367
9.20971009025355
4033.58886850776
5.26993253971021
1645.92912823127
0.0177696652253132
0.289803544644634
88.5368832837211
8.99005472952913
116.333220253851
70.3790129463039
15.8083208851168
274.115319504441
250.024786248041
1.58544756683971
0.0523297609449156
0.817299572802113
8.37901967902619
0.0388791248246574
0.490783603586732
0.185133238647083
16.5091176575084
0.745291297499973
0.889689523089433
70.3961068130866
0.177232724885555
1.82952968171294
183.299951907251
13.8662465469804
0.805868776737173
1.11788758427902
17.172697520789
9.31949585483001
7.96989375657266
0.0879977508484104
693.375165327007
17.2894877412216
5.9918914025598
736.447083484684
301.305952830902
1.46622217394229
1666.32781904903
21.3961550520463
0.256607271646427
1.25444145901965
0.0392273425549352
23.6443640827154
1136.23920113436
517.666673517692
154.436057191945
828.242923075965
139.78306972898
2.10602359308301
47.56983137441
1.36147918813026
0.256607271646427
0.0984359766813157
1.12302734928029
1.44193929019115
25.2734358405946
14.264196541499
48.1428212172044
34.7796743902772
0.262549206085072
0.122533438055712
11.4183989651526
33.0272617687343
0.0150044921379304
59.8441077433717
33.5008248558986
65.406975108809
5.80021999849965
0.797775640760025
0.541732113448832
246.530330213506
1411.28605066493
389.574830188424
101.86787391528
244.156065217977
0.256607271646427
62.2446779434114
138.09170948915
180.742627099389
192.946698721716
652.076495192305
808.630099567836
365.208804949237
1051.14998992644
1003.11514415413
3.04051442862235
253.386636321244
872.38959132667
1610.28127378695
1646.26243031473
1002.70356132925
3.6443370299534
1359.30971130729
64.141887063216
837.437859880156
207.166384952409
9.94430847477316
0.0660495511304977
56.2031029412772
74.3374250468124
104.214535458846
1192.71342185723
43.4470015322329
21.3434958673546
1.10642907805483
10.5784615291749
948.814858639414
298.795662939348
2.04850151174871
13.479892940043
1.79730984260921
7.65283668476498
134.783278817286
1.73716297569946
9.30751775067454
0.177709493212248
0.00377760094207091
75.6215650111749
0.188660868843656
5.00362432763535
255.369473080042
105.250533676216
61.1748826891269
1.30263112110877
7.66067751059403
10925.4677746228
10902.9582919503
0.166882285587711
105.805988835535
0.798006002356873
0.0490526141499121
0.527818486807855
21.6554269924543
0.12750341340417
0.152265245364245
84.0248527469918
240.370731741105
0.631423286216279
0.725961373667414
57.0477906919435
54.3288710786413
9.82887077388001
1500.57146031433
3049.40733629644
1075.53817840824
2880.39482715604
0.274075647342855
0.413770786841918
7.28825112045155
4.47631632960548
48346.5823740214
28.0081351830152
0.56222040050768
26.1925092795209
926.557426537682
425.510769641106
36.2306882126194
1.15073517725747
0.0392273425549352
205.068563567625
963.26802692332
37.5036453930858
0.57023260059527
11.6435426178031
358.245754284773
7.65283668476498
271.062823636406
632.242984995263
2.88357991830647
1.19970571138245
411.69766313687
34.6574621756508
0.0112967800560062
2.03435423714654
974.743286058883
0.00750554725313846
0.207573620445274
55.5418007869292
0.00695732118949377
0.00750554725313846
2157.28149099494
0.829733454120709
0.00750554725313846
178.583956943451
221.809350470883
8486.06064795337
30.9440549008946
5.561846801107
0.309988430557783
0.0634363509269324
0.0267410788129565
13.555556800614
101.484754979054
31.4597773728189
83.7640398227509
1116.48728436255
7.45744980805347
1645.27960648357
906.104143758061
95.7701349698508
5.19444555986479
116.76262325418
5.12722063643854
246.411467792254
5.98856966967796
4.17396827945481
10.4278880621539
0.0121246070693657
0.182530095066418
2.35130092716928
17.485883452989
0.505093977867294
3.53050034224205
63.4307661825213
128.129402049351
7.65283668476498
42.0406592915554
3.89727947403258
14.3825820859865
3.98284556508121
0.557221481094648
3.18504461013485
0.634313586073188
0.913901559072732
5.23185980562425
1.54023192144414
277.75225624284
12.5286778660751
446.936638339463
6.21669605345555
2.68440386139409
2.38992672288461
1.25030014263948
0.657306035750892
618.995129977126
0.537005216718679
0.0425859899529457
0.101603019288006
0.1091668098599
0.136355576042028
3.90679112482776
107.143570510335
1.04005741217907
2.52915588788166
20.6852439646553
40.9894406656106
0.34567018455896
2.28471714647859
1.23653899214179
0.0500753159773648
26.0349810331887
93.1418794745144
49.0682122668413
6.36780414297782
0.150717013352545
53.7428525419304
26.7325903574382
0.0514073303743778
31.8409524565942
0.901107081631897
229.488400778634
2.12010582868423
7.38652910839698
0.0255676450433688
103.164409131819
676.168174891531
180.297942979447
832.872656023221
270.711098059476
24.2070906124771
419.096241952266
127.302404161713
159.864029864807
233.867583108175
0.0887609280619943
69.2858210128004
16.6947976627568
180.402414215697
15.1006809294403
11.2701356644607
0.778585722181125
46.0172643852017
4.15835760679111
113.217303803897
4.50747975558835
189.405836057594
18.1587871890172
1.34944076914559
144.973487937369
0.00507973548566731
3.64842837454971
35.1238035131816
138.085729719661
1.12041823284269
176.838031504341
1.55360771043269
166.142731266009
132.481339341294
0.250762756238494
21.5940488960782
19.4574230098841
4.33412064364971
3.26878413653087
1.96196506487427
1.64893457006247
198.068411022575
0.272363754682596
112.599559901051
797.963688356392
3.28190537307872
7.49551077238787
5.21006253237094
3.39027968818115
0.0142344563584322
0.0784782079683617
0.531281471682298
0.00750554725313846
58.4593731544379
27.172853094589
472.834553538618
51.3912568251998
1402.50828320399
2.81020354978928
172.868681848651
320.683801671565
0.00727878744621591
0.0445531992097405
4.02274201642423
136.677412948281
983.564244696503
0.0278233926179094
924.105423203526
950.748037615745
68.2875569650853
1.03711687301403
827.965394793934
0.299318586067321
1413.55793102634
1.0472757587908
131.985058834391
0.525409305903452
0.272363754682596
0.346077956950476
0.624536031369278
261.476021171022
8.28120190404568
0.0523297609449156
146.023666623339
9913.40116263294
35.7990383818686
0.866443143841833
7.28825112045155
803.569532677217
0.00727878744621591
63.9161105604154
2017.43533635968
1673.5836194565
78.2655770698359
71.9620958400765
337.027585030177
124.617533940484
270.781533375411
144.20127710113
0.0660495511304977
11.4508236378879
123.726090448526
17.7375323869104
1536.58381681608
4.83321763410571
18.7585341016041
83.4476874419168
231.031377777641
265.269474380252
1818.52769587727
297.23090363189
676.778635869311
166.270706729279
0.20665648668811
1.07968063930936
74.3730052796441
0.0146624834215137
1.58673838536305
1081.80509852399
133.551855282218
51.050519782097
3.76921889794083
66.4258373106149
0.190283869604825
0.0173323311694575
6.53801759116373
3.14706124511958
236.562967692206
18.2366535471771
91.3451404182128
165.160311350886
18.9296325400394
57.1131477259512
0.227018229227583
460.995338079427
738.954336818414
1244.36104283367
0.104106547344821
1109.27543292277
88.8239351343763
0.00750554725313846
176.190546787472
9.02179006175765
1088.07364525551
214.277873497155
984.099089328953
342.710723996392
405.390748726051
605.894354592434
476.019657364167
23.6443640827154
0.70813884008095
1.77685475147747
1913.42355774838
83.1702892198408
0.617867789487556
1141.6988668666
1162.78871730014
2973.82691353029
12.9438412388645
2260.60010578554
51.7332683901509
163.083821102365
17955.4109616407
145.226643345071
178.016918269491
28.7625492084775
17908.5117061178
379.916780172873
10.686179257757
14421.3049035428
10073.1446471269
0.39225067476167
153.897515140304
5100.42410837892
581.80008399038
783.25516363433
171.562459675511
2874.80966858123
37.3041412557825
2227.77079315401
542.264089236845
53.9330854458354
110.961489508143
543.587980131472
374.57228890571
1.24897596195153
0.0142344563584322
1.41555508490227
0.0238102927847696
0.0177696652253132
0.00695732118949377
1.73347716756202
3.95567000602447
90.6294531881763
0.0255676450433688
0.00727878744621591
0.0177696652253132
0.0177696652253132
133.051697341763
0.0177696652253132
0.00695732118949377
17.7375323869104
0.418202648319568
0.0392273425549352
0.972244706706664
1.63520229145253
0.0177696652253132
0.0852948363302468
280.932215452463
0.60911803456783
0.299318586067321
1.34739735043987
0.778546195726066
0.109930477163783
0.680797287009856
0.0523297609449156
0.471245586065967
0.0475843637490447
0.912000071017683
0.0255676450433688
0.0243717292268069
0.0238102927847696
0.0177696652253132
0.0146624834215137
0.00750554725313846
0.670940151391604
0.494503108953762
0.494503108953762
4.47631632960548
0.281880823129474
569.213173760661
0.0523297609449156
23.6443640827154
0.0142344563584322
140.360881874418
0.00750554725313846
285.196094376632
0.0177696652253132
23.6443640827154
17.7375323869104
0.289803544644634
157.805745337417
658.101993280314
1.14288415351466
24.8064273363601
32.7459725262696
0.0142344563584322
0.0523297609449156
64.8122386696276
1.08493966649806
32.4545002666822
120.89235052487
48.5594165688309
1.01261270158822
557.507446869842
1.82222144960036
0.721178677745431
0.00727878744621591
734.975240947397
523.7300485388
0.00750554725313846
0.0238102927847696
0.00727878744621591
0.0177696652253132
0.373340501648461
0.426520706109557
0.0257003383816405
0.88292268126017
0.00750554725313846
0.0146624834215137
0.0852948363302468
0.00750554725313846
0.383473559145627
95.8353035775891
1320.6245779482
0.0238102927847696
39.6699042775776
0.161932604251908
0.539941934126098
4.5621596142026
83.7214679461384
849.500394916311
0.0238102927847696
15.1581201849753
12.2130238298056
0.0142344563584322
66.630664748409
243.355864929562
0.00727878744621591
77.9901382155786
0.0177696652253132
2.33407763425427
17.7375323869104
0.00727878744621591
0.00750554725313846
286.961030684105
267.262385924633
1.23772943718421
0.791655443547083
1.08493966649806
479.810783343179
17.7375323869104
123.512665555873
52.5030675289463
4.57397421983611
0.256607271646427
0.856265982476035
38.3994158318382
8.50708969382368
0.907373094867081
0.148989123326775
20.2394743803435
114.712954973192
1.34013234017377
2.94287527222055
13.219133241134
0.907373094867081
116.273405703068
0.814525448693752
4.79674976539504
0.928337944369541
6.31857893303836
13.6723189018267
18.1291528767078
13.3726215234401
12.6779512188757
7.80972628640746
165.541511992801
48.9865698343778
520.766495981889
3.35157027196896
77.2362403981018
20.2922239785427
1.74611480622645
146.058719787182
0.907373094867081
3.49549319518986
2.75621556964322
15.9819840943284
0.205855806483464
1.00053868350883
0.213040203755542
1.00053868350883
0.310384042215657
0.240250425519946
6.84346041411459
34.6872529711474
80.6479877522715
0.265373631260106
13.4349961981336
10.699324495857
1.00053868350883
0.608315216923409
0.608315216923409
219.489186336632
6.41054468638631
5.96313729346645
16.6398863193369
69.0383868573241
1.00053868350883
71.852281597654
159.795020673473
1.00053868350883
0.16951429133712
1.91029102480226
0.731245591544731
2.96336491177666
0.614695362474385
1.00053868350883
10.2607497511344
43.7934355162789
6.03295787130211
0.614695362474385
0.00727878744621591
827.922345884707
0.776518139969189
0.585516623786056
0.0194617704349105
274.281368190925
40.7016043996443
6.17440566525194
0.853219447287673
0.506975713754614
2.40225901384234
1.89659366928091
0.604089845674619
0.576537246970931
0.731245591544731
0.731245591544731
0.853219447287673
32.7892881103094
32.7892881103094
1.0472757587908
8.98495809513148
9.09285354811492
0.823087850074162
1.04261792989312
0.823087850074162
127.051355974318
170.449173412884
20.9599237989379
21.4158649267883
110.929993912186
10.1843656734567
0.926367220073702
1.71532386403499
3.31679845396669
124.166470058268
2.81570444305188
0.817358927190206
11.3306601335171
1.70101083783406
58.394266996184
71.1907423632615
4.94217870691372
0.420281275373878
329.255586907388
0.757073667856569
2.4800978395766
8.60855732884732
7.17345145169269
0.476926375295615
6.02616817007645
184.52845163896
4.25200424540932
2.88710368069514
100.99525885407
2.78116314502228
0.303524522442434
6.27515821551311
2.07123666153708
29.7787417621744
2.19948552033481
83.8211304667628
3.28983146757109
2.49778742773454
0.476926375295615
36.046415785112
2.91246979213654
0.926732622167935
1.81773852847428
8.80247262015805
27.6868765344712
20.8308231043167
26.9394220478073
3.20044186765211
0.364865125191653
92.9266156933821
2.23160534198545
7.65283668476498
157.730192075133
12.4800029792879
0.529051776726557
1.17094219312875
85.3815316997649
1.49756567371406
0.907373094867081
78.408807095076
14.2143738328876
67.5588134437068
0.907373094867081
0.684112058988301
0.535359026261238
67.6962999528039
2.91742391461184
3.28087988157344
0.665053849503263
4.124889361315
1.5435539800287
0.907373094867081
0.646794489696685
30.294541299886
44.622018268429
15.6535757773402
5.72888052595077
0.987560566847544
2677.02743630173
0.00727878744621591
0.382258435844716
205.320630940623
425.003961423757
734.580710792555
392.904793722839
1070.30333127913
0.00695732118949377
0.0142344563584322
800.174897870584
0.383473559145627
88.8331861499382
0.0177696652253132
280.758806809806
0.00727878744621591
0.0891264406030856
0.105574694196686
0.562467808271793
0.265373631260106
4.47631632960548
65.8499603199192
0.912000071017683
0.912000071017683
0.912000071017683
6404.98181695431
0.766000846588005
0.680797287009856
0.912000071017683
1.2435540792717
0.313645499885996
0.825850421401751
0.880784855332281
1.36386720229339
0.679024836627282
1.36386720229339
0.310384042215657
0.679024836627282
1.50165606462981
1.1438926261674
0.323836540390595
18.1060509273295
0.0177696652253132
13.1162568015094
87.7707822937281
0.351417618102885
0.00750554725313846
53.9558099571081
4.47631632960548
349.581049553186
17.7375323869104
1.34335706485455
0.394736616860184
0.20665648668811
0.0278233926179094
7.28825112045155
83.1790084571428
106.859864561273
0.931898385436139
200.405222592881
43.1296731789641
42.9982129593363
0.0142344563584322
0.0523297609449156
0.0523297609449156
0.228023317594177
5.30863613443685
924.562253943345
2.05979008486651
1201.8577733072
94.5898663537454
0.00750554725313846
70.5713601045759
67.0433842841668
237.633460733842
397.190837222679
98.4678176615805
2.86753895901597
43.1642879856878
0.0238102927847696
1.721831993194
3.65907867868305
17.7375323869104
0.896961528246936
8.75846523677033
24.5014866068086
127.574059214906
188.31753539484
4.72716406615121
4.93177916749763
31.1644802414612
743.083242447043
7.28825112045155
1.7525059251885
3.62276649158995
6.56804261148343
0.105574694196686
3203.44149339952
0.571498797740296
0.250477718573058
0.105574694196686
0.0194617704349105
107.046391094696
51.887531596594
22.753958192153
6.17606438584268
0.0238102927847696
0.912000071017683
2.65328627598565
0.425290260394115
0.509697299250681
216.391783306795
14.7781115251563
13.9427381759701
204.595822743873
1125.62890022681
7.59107839462917
26.7793026789325
6.72770081612163
0.0235835036735137
0.392895353274558
0.33715074934712
0.32183297457789
1.57740353709959
131.69260043989
0.0238102927847696
0.0238102927847696
17.7375323869104
0.207573620445274
6.50504539077393
0.0891264406030856
105.14368272958
0.256607271646427
25.3292091720273
11.2146141319348
54.1345124093852
5.07251893447908
2.46433242143923
0.398882009389609
168.059364679478
1.43857965991839
3.9675352476936
779.925592154639
825.10882272362
4.29400719103983
28.5672035741998
4.24834238554084
24.7725289652673
3.85272261041504
0.173089390003643
8002.94657163861
0.0177696652253132
0.0177696652253132
8.49425858435761
125.890525277497
0.0391032867594598
3.07113977795185
2.65608766416739
2.62237346193309
0.398882009389609
6.97299608347403
156.054672344977
0.939913636304017
348.0831445014
1.12950911215943
1.2426132000724
19.5969427711425
45.9456374490362
2.22128503585298
2.34719855706498
11.0936985563048
35.6700621435194
245.520632058162
0.40972876506239
0.0523297609449156
0.0523297609449156
0.0891264406030856
0.734458976131005
2.35557150307514
10.5849160155855
0.787983975068783
52.9885491641226
2.00915586511836
2.49898008733821
0.33715074934712
95.0354659288199
0.398882009389609
6.133916137375
0.431262551801754
1.07308004918249
647.700350390942
749.638379537412
5.63159882874954
2205.46559021915
0.291460632318863
120.509041588366
167.76508147143
0.0523297609449156
132.532230507928
17.7375323869104
24.7432336619797
39.7344096454516
24.5441716414433
0.768274886151295
23.6443640827154
0.0194617704349105
3.65316941100433
186.618353453967
14.5684743807839
0.0142344563584322
0.0117397950698934
0.0458989455246648
0.0720689540101811
222.330202410409
6.82963785995048
9.40688734616275
189.335339203212
20.5771307923729
210.011139287949
82.2102085779258
88.2683006071069
181.047496053472
73.5610367987713
0.33715074934712
56.4117993686535
18.2599488829589
6.64095416951785
2.42544489801033
3.01716208711245
20.00208907427
40.1357116997333
38.8909474752151
443.342966150318
0.288192697949237
0.00727878744621591
31.2110166874398
834.378536824609
0.907373094867081
4.5621596142026
0.0462364488256004
0.00750554725313846
0.00750554725313846
0.0523297609449156
9.91572852764096
0.0243717292268069
0.0523297609449156
48.6650296802142
0.518946824539928
7.28825112045155
7.28825112045155
0.0142344563584322
5099.34509946211
4.47631632960548
272.933656140785
7.65283668476498
157.320839471088
0.0117397950698934
288.776754633745
252.684587499445
5.16001978776986
0.0142344563584322
0.0177696652253132
0.0142344563584322
0.0194617704349105
0.0142344563584322
0.00727878744621591
241.826762687103
1.35547216646485
1311.27606481281
286.68735952635
0.343986801412113
0.524852437742942
1.16071666266521
0.290084801605899
0.0852948363302468
0.0852948363302468
1.66231328341665
0.901679072458856
1.66231328341665
1.66231328341665
0.901679072458856
0.835753076967471
1.9918372444651
1.92418561526753
1.43385368864576
0.902344662170813
0.901679072458856
1.24450565916776
1.24450565916776
1.24450565916776
1.43385368864576
0.0117397950698934
0.436376838448972
0.0117397950698934
0.0146624834215137
0.356854753425484
0.0142344563584322
0.00727878744621591
0.0891264406030856
0.00695732118949377
0.00750554725313846
0.0238102927847696
0.00750554725313846
0.29265607034036
0.00695732118949377
0.00695732118949377
0.00750554725313846
0.00750554725313846
0.00750554725313846
0.00695732118949377
0.0255676450433688
0.272844590828329
0.00750554725313846
0.00695732118949377
0.818863618125087
0.00750554725313846
0.00695732118949377
0.00695732118949377
0.00727878744621591
10.2995286338215
0.0117397950698934
0.0173323311694575
0.432723700028644
0.00750554725313846
0.0173323311694575
0.0194617704349105
0.0117397950698934
14.4590048954405
0.0133701673885938
78.9087743030729
0.0720689540101811
35.6548850321096
0.853219447287673
0.0194617704349105
0.0523297609449156
21.2745684338646
0.0891264406030856
0.00750554725313846
0.0142344563584322
0.00750554725313846
0.00695732118949377
0.00750554725313846
0.00750554725313846
0.00750554725313846
0.880784855332281
0.0329781923929262
0.0133701673885938
0.0458989455246648
0.0173323311694575
0.0194617704349105
0.00750554725313846
15.1581201849753
10.1235119570092
0.0852948363302468
0.0142344563584322
0.00727878744621591
300.968944872915
0.00727878744621591
71.8609370537042
0.0142344563584322
0.186361814505186
144.394365677809
0.101094031195197
1.31753431244074
495.948435146275
0.0142344563584322
0.0462364488256004
0.425290260394115
1.09766559177115
0.00750554725313846
0.0177696652253132
342.054040493021
694.907438697002
18.1794510066062
4.38854594398923
52.58726325898
4.53918224234996
1.45989375154936
51.3656525796967
5.97442814278736
7.65283668476498
4.5621596142026
0.283584636743718
0.0142344563584322
20.8511726917146
2233.27781477747
7.48289362721138
71.2745438733111
74.0679854852219
7.28825112045155
31.8187977134793
103.546153356517
0.0142344563584322
0.0523297609449156
0.0142344563584322
0.0523297609449156
0.453526607472275
690.062564786673
60.3946510529001
6.24706624023313
0.0238102927847696
46.1994714861248
60.5423768660166
0.299318586067321
12.2768287870002
65.3614836991188
335.608280967174
20.0312858556901
0.0660495511304977
0.00727878744621591
0.0142344563584322
0.0173323311694575
186.155028599365
59.2200262057767
27.0678180712444
7.28825112045155
17.7375323869104
4.47631632960548
4.5621596142026
0.460142582168783
0.502330035980707
0.787983975068783
0.937533481587791
31.4569917025363
23.8420715341129
0.778546195726066
0.0142344563584322
0.0523297609449156
185.288088673552
2.01852527063708
2.47171296791224
154.61392327139
275.785103342786
522.622395913458
0.00727878744621591
0.0142344563584322
1465.86599968903
1473.2554805966
0.015810164090422
199.575596628703
0.265373631260106
0.00727878744621591
2.18954647171784
1090.89226314525
250.883660210956
0.392895353274558
17.7375323869104
831.973300470483
83.7387231886774
0.52453179152274
11.8080748007939
1.77496057536177
1.7925139003241
0.0177696652253132
15.3883723051652
17.5321167907112
77.8697456031639
3.69910838610421
10.115223210102
0.0130300319452112
0.00727878744621591
8.67288783509567
0.0238102927847696
617.813313388155
136.531057043437
15.1110236631722
0.0238102927847696
378.189574592914
151.605468062197
117.356023193463
0.423153362835337
1793.45155247321
0.0278233926179094
436.431904468305
26.2463366936879
112.93804613834
2261.9603836117
6.50504539077393
0.668707249845166
115.30949280577
349.725853524419
1322.6006688379
39.1337413222786
0.0852948363302468
103.900449293443
0.743881430669179
0.380318489149962
1.3921798534713
283.03924816946
1406.42428589813
1198.71839847634
1198.71839847634
813.055583612003
921.490518529529
0.400252248247623
0.449688365702098
9732.06039554433
1.54896957859893
0.159696766147199
115.65887806068
394.05867419296
491.747704228089
130.224673331344
0.488907935192132
1.35560407597496
0.353977964947084
0.161464765717259
4.58633243777242
0.604989016643265
0.595043256042353
1.09110958962912
123.618616349202
156.75041629868
0.363895710670453
723.891876638962
0.889595328082356
0.238200225392482
1.12886394304146
0.178218229405664
0.375065907598839
55.3772386468935
0.453894652728542
0.453526607472275
49.4354279271905
69.7755585663175
0.725961373667414
1634.34350992183
182.002582294223
0.62720113314869
0.238200225392482
0.530575575366088
0.434837099146675
15.231495922606
0.425290260394115
0.747197394772814
0.733532566239063
3.77648247075655
0.462761805892769
0.741535806054104
1.4648640673465
38.1103387276847
2.62588724552572
0.265373631260106
1.11724099479041
1449.89589127561
2322.77323978744
1.19863162123417
0.299045813443123
0.15548888429006
2.53876119226261
4.53215389226568
1.52255597665574
0.217570790974753
6.47878817168499
1606.31114479979
0.904442892095761
0.471136007310829
1.11862950456794
651.622073141593
0.858070275995432
0.15548888429006
0.217945251645865
690.944384519964
0.72853685962832
3.71223474789726
0.413305593373394
0.405590006317806
0.595856397384042
0.86396136339174
198.996380810552
0.16017519874951
0.469905905551648
0.413545746303527
0.50965662510014
1.32845028125745
0.15548888429006
0.413305593373394
0.877749356990496
1.50748484725688
0.314452171268926
0.31308769198033
2.31817605338029
0.578822233989033
0.287839202068462
88.7324632958319
265.362694313025
1.06033753251893
0.235608920907778
955.664310815228
0.00727878744621591
0.733972089729137
0.290084801605899
383.660836548341
424.204887990067
0.421849619452123
2.15236946506852
0.825850421401751
0.150095930218541
0.819891372676137
0.28862591393848
1.09988824867531
0.819891372676137
2.33629852840959
0.544581773561124
0.151873755276677
0.29427249835032
0.0117397950698934
522.375626850426
87.1813466937477
485.359358760637
11.6380365718281
239.928284803157
242.805918156844
15535.647140905
120.35383987398
230.49922199224
288.478047412791
3452.9223762289
0.0142344563584322
0.00750554725313846
0.00750554725313846
0.00695732118949377
0.0255676450433688
0.00750554725313846
0.00750554725313846
0.00750554725313846
0.00750554725313846
0.00727878744621591
0.0255676450433688
0.0142344563584322
0.00750554725313846
0.00695732118949377
0.00750554725313846
0.0278233926179094
0.00750554725313846
0.0243717292268069
0.535705646887408
0.0238102927847696
0.00750554725313846
0.00750554725313846
0.00750554725313846
0.00695732118949377
0.0142344563584322
0.00750554725313846
0.0255676450433688
0.0238102927847696
0.0255676450433688
0.00750554725313846
0.00750554725313846
0.00750554725313846
0.00695732118949377
1.12886394304146
0.00695732118949377
0.00750554725313846
0.00727878744621591
0.0142344563584322
0.00750554725313846
0.00695732118949377
0.00750554725313846
0.0255676450433688
0.00750554725313846
0.00750554725313846
0.105574694196686
0.0142344563584322
0.00750554725313846
0.00695732118949377
0.00695732118949377
0.00695732118949377
0.00750554725313846
0.00695732118949377
0.00750554725313846
0.0278233926179094
0.00727878744621591
0.00750554725313846
268.551799648286
0.569114951128024
0.0278233926179094
0.00750554725313846
0.00750554725313846
0.00750554725313846
0.00750554725313846
0.00750554725313846
0.547803160040073
0.00750554725313846
0.265373631260106
0.0243717292268069
0.0392273425549352
0.00750554725313846
0.0243717292268069
0.00695732118949377
0.825850421401751
0.571498797740296
0.520960755939945
0.00750554725313846
0.00750554725313846
0.00750554725313846
0.00695732118949377
0.00727878744621591
0.00750554725313846
1.32845028125745
0.00750554725313846
0.00750554725313846
0.00750554725313846
0.00750554725313846
0.00695732118949377
0.00750554725313846
0.00695732118949377
0.00695732118949377
0.00695732118949377
0.0177696652253132
0.00750554725313846
144.359266883933
0.00727878744621591
0.707199594532043
0.00727878744621591
1.08324001659131
0.0523297609449156
0.0142344563584322
0.490536201653753
0.0243717292268069
0.0142344563584322
0.00750554725313846
0.00695732118949377
0.0278233926179094
0.246609778596258
606.421202652621
0.0523297609449156
0.29427249835032
0.290084801605899
0.0142344563584322
0.00695732118949377
0.0177696652253132
0.00727878744621591
1.73749307326929
0.00750554725313846
0.375065907598839
0.449764445486001
0.0177696652253132
0.603119365733248
0.0177696652253132
0.26707634755544
0.0392273425549352
0.105574694196686
0.00727878744621591
0.00750554725313846
0.0177696652253132
0.00750554725313846
0.0238102927847696
0.0278233926179094
0.929359964784869
0.00750554725313846
1331.5817096772
28467.0190166512
28487.6128443217
0.0278233926179094
0.906229088179494
19370.4627243379
43009.6228963929
57.4295039158783
0.417011074990794
0.529051776726557
0.0142344563584322
0.0238102927847696
0.00750554725313846
0.00750554725313846
21.4470025189389
29.9660342847608
0.0142344563584322
0.0523297609449156
0.0243717292268069
0.0523297609449156
0.00727878744621591
0.00727878744621591
0.0142344563584322
0.0523297609449156
0.00727878744621591
0.0523297609449156
0.0142344563584322
1733.68839482912
0.0177696652253132
0.0142344563584322
1842.75144365206
1830.3219932444
0.0238102927847696
0.00750554725313846
0.00750554725313846
0.00750554725313846
0.00750554725313846
0.00727878744621591
0.0238102927847696
0.00750554725313846
0.00750554725313846
0.00750554725313846
0.690813020070413
0.00750554725313846
0.00750554725313846
0.886758510040358
0.00750554725313846
0.0255676450433688
0.0243717292268069
0.0142344563584322
0.0142344563584322
0.889595328082356
0.00750554725313846
0.00750554725313846
79.7637401772983
18.2517257952396
219.528669145602
16171.0660479055
15.3689706858505
184.602015554481
2039.50089400664
1250.48146714047
6.68334567488885
261.448139591911
880.792240119976
290.431037853379
521.972563675476
6.16293541986786
1222.22851362245
1046.56070590196
1716.23149080161
196.855304203422
11624.8693427835
617.52511748193
374.292200571958
24.1063221704883
5813.05316798244
580.894407527835
902.002633521343
655.349752222578
3966.05134906788
230.165184873669
883.840148830906
17395.1558697802
1178.20947222599
0.857899835634369
563.353503885345
218.581985058346
99.279221423138
7.90378426315046
17.3243148616609
290.293287117673
403.119648392204
1012.28662827641
152.614663353808
193.418730133771
301.389690175325
0.136012212265768
0
932.671427365304
27.9669570367845
280.982218068558
89.9915939527048
136.007537748111
3.50003820668139
17.4799956071819
228.058287826358
91.4232418570195
5.17191410671359
1.71876978853708
9.05025407989399
9921.26670517388
42.7871619479323
457.003943767911
1567.39036595781
44.0721099645067
1646.14837913576
2256.62463199829
5.37101360393654
8.54217292176342
449.123105096112
166.350841410334
49.8126537880385
1044.65125944174
3.15795599346977
4286.70440224064
419.409143324621
21136.7840684386
2021.70478058278
222.846717611157
10127.6245183756
240.269894364425
5.15488380983921
135.328301439693
217.925648114722
287.370878898964
26.4970908831277
7.9282312163362
5.60039643138235
20.8863304619755
479.51521997113
6816.73139434039
1418.56393798253
3193.30948538444
10.9390419286998
5800.99024607399
47.9657572796448
21.0458882077443
4.51845600661289
4.86462395220465
1156.02152631734
264.246378352368
80.6834452103879
183.716198780455
29.3222954530984
133.41414346109
292.30894720825
25.3109421822796
151.651163154173
863.621549479554
195.130347281015
232.238505709513
4.04684693984904
392.466413292104
6433.77203132908
109.160166550873
0.129626160207533
172.591608205433
2.37862590751269
131.315453564203
501.015879820568
4130.57631312258
642.483573392636
0.00727878744621591
0.0177696652253132
0.0523297609449156
1.24961032477007
325.938015863993
0.00750554725313846
0.00727878744621591
0.00750554725313846
0.0238102927847696
0.0177696652253132
0.265373631260106
0.283584636743718
0.282214469222502
0.57687751706998
0.0278233926179094
0.0278233926179094
0.0238102927847696
0.0238102927847696
0.0177696652253132
0.0177696652253132
0.0177696652253132
477.266959546969
0.00727878744621591
0.618139460064079
0.0142344563584322
0.00695732118949377
0.0238102927847696
0.00750554725313846
0.0238102927847696
3029.29860731
0.0255676450433688
6763.42215914729
40.7790008412317
8.05953490913677
2484.65779854694
4.27823976508803
180.416448017763
8091.21413824798
589.569699612761
165.630270250549
1.93387679709392
211.181804814994
14.6013384896541
43.2737116242108
205.729521519369
708.218780275867
8162.09862516498
1.51352248956565
32.6154696574882
846.006213086004
42.5745918672006
147.746024289081
1436.31322585485
1436.31322585485
2329.94983900725
16.6463025159685
507.35708976488
567.389396671979
5743.59836152356
2647.13417370929
216.136471065409
169.477555042673
3569.52236385949
1168.16932363734
85.8326953265475
321.424951687353
17.9191459809962
647.005105197109
6945.89389538779
318.68869489545
1213.14784359532
515.18268698265
5260.61063969229
606.094573876494
1607.08399685289
4417.17382355504
1097.99579957843
580.108793705777
6.41276904023187
440.648592541861
83.5160360496802
158.809705079009
7541.48195500518
1232.12814334921
456.294765703174
42.6901310973924
11021.9589450782
73.2176034264589
1498.3179187335
1498.3179187335
1302.58582623264
510.362402780257
18.5504007863329
7379.14147539583
829.049263922522
8.09113778085398
67.0772048635896
4.98439262039851
20.6377499393499
888.138552841541
580.4463734792
15.2285311818937
232.69794930491
54.1616208578533
25.4009364266099
35.7667431932803
423.091678337543
44.414307299804
771.901041577727
0.469279628931952
0.00750554725313846
0.00695732118949377
0.0142344563584322
2.55107615465254
3.42659050263313
1371.33758145184
62.8434953785654
2255.96300442816
10153.5854797535
0.00750554725313846
2887.78444220788
212.244591419649
8819.43057017052
0.0238102927847696
0.0255676450433688
231.048909077054
3943.48485686323
0.267991683395911
55.8018395006701
8.00318120652543
5561.70552807755
80.5419786294349
643.951330293026
1212.67165164256
48.9459859601345
108.024792676856
3499.93410697963
1.60908587096125
161.417437130374
2656.07099382253
104.124140259649
1480.07561808101
1482.40824757674
62.8299464958427
1733.8037476254
5980.91629225722
326.249584289907
59.7106391145257
975.471312294447
349.448573968873
2.42398987811642
3236.3090366979
259.62182421609
113.197316820759
69.2939651016524
1784.57386064052
1705.46114067471
0.505798660710694
275.825683999754
860.691395908406
161.458055473776
142.109849285067
3865.36668755464
57.7502636423214
143.296470859102
78.1525991896543
86.1144803820262
28.3984532978718
47.8534342097612
3692.45696520515
1178.65514513424
97.860646289868
0.76580758051501
2074.2737202085
59.2190998763379
39.2216991784574
12.7870363452507
115.130697800055
496.586594040581
10682.1167144513
4955.57638554225
71.9920835320166
32.9166172560007
178.315130930983
82.715551092162
188.030423764851
2467.99839164276
72.4384610247057
179.893692623938
225.671768123045
8.673795288151
7433.65864958578
63.2693960555551
64.9590051176021
41.2275966839996
317.822811970723
326.901872937456
3511.77386205317
172.833802919711
35.1405482839705
303.197338643492
1775.75665092652
2696.84288159495
18.0672441015152
129.760246310188
10.5358703665147
5.39182445830904
128.821220380315
258.430490644662
60.3308875872988
650.245525122395
300.787442275215
3.42809631263689
1006.37218381959
997.472141176559
3030.42594060486
1791.40359958902
3457.84418151923
97.9697799787654
1170.83305779466
11.8342922759696
91.5388433724126
39.9997319051949
79.8140210115941
0.472366921908167
0.000597238307383563
893.058025443467
1088.44530885558
941.951786289349
1463.21936212614
537.799417611775
9812.77344519386
18.1891044537579
267.516287365001
765.269125648343
5670.04325450471
1693.61158295489
7115.77303642387
179.520702473622
24.1769977680278
3563.36318053882
35.9107562497107
77.4630791921699
72.7271580054088
28124.2641489173
32.1855129661619
898.044627094523
559.756635177329
2581.70966361115
2.14703026654014
5789.63309334044
14354.0411251198
9.53196627165265
29.7865358083858
336.097494863639
166.804421160967
285.138095841251
206.028868438091
27.3720462646805
18.7468425612241
516.474994569018
74.4357408937568
166.713968885704
447.927131551919
167.175454410005
4849.85571933951
61.5318486593743
5.78711450596719
338.143937439639
10.9488675853917
735.593199091628
0.691546246198881
1584.59448085547
544.764802217709
2539.59889417955
118.980066021399
329.749932868364
10.000835003827
124.334427663018
1821.99356190457
219.2807749547
4263.30602656552
2.63887136002497
305.084569613934
58.2760896786406
817.247844480094
1140.06914196039
640.058925310962
3787.0637288842
46.6360995478969
30.8489588471425
405.544754022275
142.515322257278
138.537482061688
19.5902531228025
485.658188096424
0.443186509727872
415.27881552716
9.0221810638497
906.236767254748
1329.57086504698
6881.98614349374
298.804627579319
1082.87291937112
29720.0900672466
136.432385717237
2479.28060621761
2008.15234478807
858.181242116079
817.065299004605
20.7695226178781
619.811514798187
640.233476292724
808.822964020555
644.063771228981
297.48072824586
293.618622436499
79.9502497141922
17.0150782815309
21.5454245585318
785.962775509079
9.07790893596445
9.12240171045782
94.4255110178242
0.604018965628081
230.704954222806
182.366559564029
19014.2870875809
28.2148121224957
2843.31001062137
835.943326020946
1483.30616298108
262.171185347388
2597.61306483592
1667.89234146191
8526.65106809982
1661.77250952619
14.2995931110229
2255.42793705744
2.36219738477028
745.541722057656
321.463819510087
2.33092285514715
502.889300657884
74.1316260884887
0.600533391520227
1639.84475802776
3428.37886329425
43.3713441501697
251.532440306054
178.875009896001
83.0079845671674
1077.63713568527
102.632792188366
1046.41692125463
694.735993034038
544.770382038403
674.26373808756
317.247533749449
12506.9838254127
245.256367116683
340.480433310633
7.59668757876841
0.0994277177585292
0.042197005641065
35.8614028537397
8471.07943325715
24.9147664221061
34.4274689152145
613.01282672911
49.8231545559276
14.3686869925658
79.8170814210845
1304.43869209122
1208.11243156806
2.66699182189433
24.5410950069691
1290.28512358936
26.1617930247344
112.477911030966
9.4682943193759
2876.56525802319
868.856879557505
4034.32391444657
361.588152211422
1179.26098961735
3709.76380446808
38963.3328643952
1758.36878681172
1296.58514113354
4.12419599627169
60.6715188141453
1752.15403470625
589.813077124229
783.582667226666
5392.09602669588
1075.8810354112
2853.93002021065
721.909934359336
4.5267904199143
218.733136872312
278.789100834324
140.513918026843
405.935930816181
86.4645167204454
244.383148045921
486.413854315576
1995.42255570446
23.8434010872986
7542.61854831457
13.9161779116457
51.1914343041576
10952.6736347765
11010.5917871909
680.509373613048
1369.12698355409
2674.61036587259
1234.07149232489
1219.00469831409
282.993205599377
74.7478160785816
4.19921133713653
16.4008953366355
8.19632553198746
4.81107449969298
939.218442721013
167.17378383099
2948.31244636905
0.491493051446146
4524.40741498079
261.71025413106
0.670940151391604
2054.76842685818
26.6530796984471
73.1757153508797
892.826245382612
1595.76574726387
5568.51595368522
483.053969130842
5.40009976822309
15569.5300949364
117.259461661719
2530.51756514976
328.857735383127
563.433824381262
572.280063729133
715.963714052916
37.9878094062726
780.790294993567
645.066648453545
385.83852240713
224.257632150482
1342.67895879471
809.591029895093
10.0885276936507
1102.18455494456
490.814154428733
453.302672349171
41.4118331622714
422.218178191075
661.257919718599
2950.75637278986
204.575992088428
388.302784812128
258.368759849273
5271.18113631
200.464409186544
172.772543360414
518.867854982356
0.779953168606771
1828.8397700975
218.606553357328
116.40930054426
242.943392831279
274.680209209012
1751.50194195008
2.67914997898569
52.9811623472092
99.2184520896214
3.48165851524518
0.0388586125654447
0.0627927000494406
4051.3308537953
13.1660032388209
0.605470272973977
25.4027090562101
95.4612164990406
16.9876197819692
425.04427027974
105.38733942915
651.814812618624
128.63883610544
48.7698566822268
4603.63097729374
1016.89112748558
566.965323943929
14.7942371477279
478.783063721307
38.1521116591208
4555.36469492045
5419.28674910589
10.148348914872
12557.9444957068
888.483979585552
49.4174023083966
131.318175512619
2414.820472859
25.4193301480721
127.190287099619
46.1659906414956
1199.9400578809
1202.09598222259
212.245912277538
117.838189383321
166.315826066594
3.08479513818358
684.939998995585
24.2784463447466
3364.34946107242
1295.44674393879
13.5054464565795
572.709175479729
137.224751460986
172.976021892424
5.71479557570039
286.075497906828
8024.1740154885
0.163265610834687
166.919602401361
0.528508524122423
3664.66871826394
15.7096576795256
6266.71130938211
5484.8081658688
149.88735910076
1394.79396019749
469.196244234909
15.7617370218565
26.5282077022033
354.579140571852
1467.27141832853
378.311088187232
1.17388774201897
1058.26037086188
338.101110563693
90.9840860877223
194.284835992164
1553.31121337976
148.226358113958
31.3527743210071
704.032029945311
953.710829002758
84.3705674201489
16.510402255816
1476.34129042738
28.7353742909587
14.7153199792556
1152.83912428979
195.295177977963
375.294844567072
20.3732426824843
90.8217636762271
5.80813828519441
1647.96827782463
133.276222586126
